FIPS,Prediction
01091,15.658893
01111,13.133809
01119,4.894115
01123,18.52709
02100,1.0905045
02105,3.9166358
02150,0.38353413
02164,2.382093
02198,-0.7686836
02240,3.1775465
04001,21.587137
04009,8.816775
04012,21.5007
04023,18.558958
05001,4.8020988
05003,11.393222
05009,18.322052
05015,12.238427
05019,3.537016
05073,2.9505527
05075,24.954014
05101,1.888549
05107,-0.48143342
05117,9.206183
05133,2.572583
05139,8.452953
05141,13.791026
06003,15.273927
06027,12.919171
08043,23.84757
08045,11.729917
08057,0.21016608
08071,17.67448
08099,3.788529
08107,4.710342
08121,-0.27841374
09150,21.249287
12029,20.727182
12059,24.372532
12063,25.30187
12067,3.473544
12121,22.172525
12125,11.161327
13037,2.5716436
13043,5.0010405
13065,2.8950906
13071,13.697944
13075,10.659428
13107,7.1092005
13123,18.8537
13131,12.901087
13137,18.202427
13155,8.647167
13161,4.518064
13175,14.136197
13209,11.879067
13239,6.297097
13279,13.016057
13301,3.7833948
13303,1.863634
13315,6.8547573
13319,7.9319587
15001,27.100107
15007,20.23281
16029,0.15436526
16043,6.7744594
16049,12.605207
16071,0.99917305
16075,13.8047285
17017,4.862083
17023,8.889179
17041,20.861004
17045,16.099463
17047,6.347853
17049,21.859116
17051,16.783213
17069,14.22411
17079,2.9887805
17081,10.00682
17085,16.16648
17107,15.564656
17145,11.802754
17149,6.2690883
17177,17.221415
17181,13.43683
18037,6.480602
18049,12.143439
18053,19.87948
18071,15.34822
18087,13.40849
18101,7.9884667
18113,16.119032
18117,27.049395
18133,19.92135
18135,16.560848
18181,13.908291
19005,4.1854925
19031,4.891814
19051,3.8225124
19067,0.96395785
19071,3.496942
19079,0.22261484
19081,0.2606729
19087,11.079029
19089,0.4580598
19111,10.837983
19115,6.2279644
19143,0.05708976
19161,0.9754099
19173,-0.52741206
19175,2.6238837
19195,3.6578627
19197,3.7905617
20005,3.120047
20013,1.6350763
20025,0.15263833
20037,12.0519285
20049,0.8387975
20057,11.121757
20063,-0.0834739
20065,-0.13712864
20097,-0.43562195
20111,6.0956426
20119,-0.2054942
20133,3.043296
20135,0.004203464
20137,0.1163586
20141,-0.2873778
20153,-0.597317
20175,4.169633
20201,0.014374089
20203,2.0151896
21005,19.491388
21013,29.824068
21021,17.65847
21025,33.591328
21027,23.578348
21057,10.199865
21069,27.936867
21085,32.304844
21129,36.61161
21135,39.54994
21195,37.911205
21197,28.305504
22003,9.121573
22029,2.5797882
22041,2.4926708
22059,2.5629835
22069,14.5476885
22085,4.9052896
23007,24.296091
23017,25.747623
23027,21.222963
24029,14.207665
26003,10.437608
26005,15.39355
26009,22.907633
26041,10.320451
26043,15.313621
26053,8.764019
26083,10.819588
26105,14.704333
26137,20.638327
26149,19.92237
26157,22.103403
27029,2.9824328
27043,-0.047695126
27049,8.871177
27061,14.029626
27063,1.1152552
27071,1.5883121
27113,0.5116187
27131,13.206904
27149,1.9169071
28021,2.182311
28023,9.320407
28055,8.291841
28085,9.51238
28087,10.438176
28117,12.47401
28133,-2.6263418
28135,4.596032
28147,2.044061
28149,10.617167
28159,2.0555644
29001,16.55924
29011,10.304344
29033,6.739784
29057,14.213387
29079,6.497934
29081,4.2268577
29091,17.879261
29093,21.771936
29111,3.266435
29115,3.9284432
29153,16.015684
29171,0.11983597
29173,10.839644
29185,16.90013
29205,-0.03203854
29221,30.837374
30001,5.2737722
30011,-0.17599155
30023,2.9669516
30025,0.3297928
30035,0.14623466
30055,-0.6025591
30069,6.076714
30081,17.834059
31021,-0.10201471
31027,-0.0744622
31053,12.707391
31089,-0.026238324
31091,1.2837667
31095,-0.13181026
31115,0.33243915
31119,6.8458304
31133,0.78439105
31135,-0.20302516
31139,0.033135306
31157,9.526206
31163,-0.026559701
32015,8.117614
32017,6.2661643
35006,14.403441
36003,27.559725
36013,28.883219
36023,23.54594
36105,25.81037
36121,22.952644
37033,24.269419
37087,24.256025
37111,21.56182
37131,24.7713
37137,13.7083025
37139,14.713792
37143,14.484072
37161,23.05089
37165,17.302689
37177,2.800918
37185,22.05517
37187,5.3618207
37193,22.577192
37199,20.698187
38003,3.250822
38005,1.4039701
38023,0.5308162
38029,-0.22511567
38031,0.032772206
38053,4.782214
38069,0.15213986
38077,0.21807685
38085,-0.10395912
38089,2.1492665
38095,0.37583154
38103,0.17875475
39021,24.57312
39029,25.236244
39033,24.644524
39053,22.36238
39065,25.281357
39083,27.21344
39091,21.783367
39135,24.93505
39137,6.9535723
39143,22.152683
39147,19.904907
39149,21.84267
39157,23.86217
39161,14.412833
39167,25.30555
40001,12.010613
40019,16.51183
40043,-0.10129722
40045,1.2819493
40059,0.45464575
40063,12.883042
40079,16.441698
40089,13.171483
40095,9.618593
40097,14.293289
40103,5.1966004
40105,9.354372
40151,2.57612
41007,18.147337
41011,25.391808
41015,19.275131
41041,23.874468
41049,8.87009
42035,27.466148
42039,28.449776
42053,17.495195
42059,24.662678
42087,23.38958
42119,21.7666
42121,26.556742
45033,12.3263
45047,19.208908
45065,19.094536
45073,23.35311
46011,5.329488
46013,4.0427217
46017,0.70066
46029,3.4326155
46055,4.903498
46067,3.2585833
46077,0.060081527
46089,6.1067395
46091,0.10819911
46095,0.9129354
46107,-0.080441244
46115,0.22146267
46123,-0.59347206
47007,23.405378
47031,18.448452
47049,33.209602
47051,16.777315
47075,4.4778824
47079,20.59685
47097,5.484451
47103,14.972744
47117,17.483137
47137,10.97494
47151,29.118176
48067,18.046743
48069,0.84045416
48087,-0.92913073
48089,7.3419347
48093,2.92252
48105,-0.35495225
48111,4.0287666
48123,6.211754
48127,4.6794667
48137,2.409171
48143,6.2438626
48185,18.074846
48197,-0.47734505
48207,3.3837917
48233,6.260925
48239,3.3413012
48255,0.3033835
48277,9.115075
48283,0.13564843
48289,16.4479
48297,5.417145
48307,2.2612844
48319,0.16708279
48327,0.08457997
48341,5.697768
48379,18.121557
48405,3.6770165
48437,-1.5125868
48443,-0.3790047
48457,19.083036
48465,13.687501
48495,3.7027712
48507,2.519097
49019,11.299022
49021,12.134257
50017,19.643427
50019,25.76132
50021,19.377665
50023,20.182241
50025,19.211308
51037,11.623756
51113,13.768426
51119,15.184139
51173,25.265028
51678,11.05867
53043,13.694091
54023,20.261276
54031,12.3167715
54057,18.997057
54067,32.67724
54075,16.558052
54083,30.35645
54085,21.290792
54097,31.217096
54103,27.603994
55001,20.629858
55011,6.4978385
55013,12.571938
55053,13.397229
55067,12.781096
55071,18.98986
55075,20.047106
55099,7.104733
55137,21.584387
56015,5.3309445
56017,0.1112952
56027,-0.46882573
56033,9.382165
01013,7.324735
01025,10.367778
01045,22.015787
01053,14.747061
01121,24.806644
02070,5.310868
02130,5.540966
02188,6.9900656
02230,3.863725
05005,18.406725
05025,1.6854755
05029,15.280992
05037,3.654695
05041,2.4142885
05077,3.0546794
05093,12.444672
05097,15.736686
05113,19.801298
05127,10.441756
05147,2.5954833
06049,8.512794
06051,7.7110257
06105,21.198395
06109,20.79204
08021,0.7679094
08063,0.67756885
08073,2.090095
08075,8.734296
08081,4.1725125
08085,15.546357
08089,6.071604
08091,2.4410405
08097,10.169314
08115,0.7003002
10005,20.487589
12007,19.313532
12049,10.387198
12051,17.21909
12079,12.541072
13001,3.1501937
13011,22.465298
13061,6.0517907
13091,6.1082835
13093,11.182864
13119,22.496994
13171,17.754692
13229,10.328097
13233,5.630642
13235,1.9243346
13237,11.830966
13243,3.299742
13269,1.195747
13271,2.6057029
13275,13.363535
13285,13.390272
13299,10.135532
13307,1.0382755
16003,3.6427758
16007,0.26262382
16009,10.116865
16011,12.08594
16013,3.6665142
16059,2.7431169
16061,9.039653
16065,10.464908
16079,18.236012
17009,7.490012
17015,7.305298
17029,15.0245
17055,29.572607
17061,11.945603
17067,11.050915
17075,20.173485
17099,21.402874
17101,11.207529
17125,19.262394
17139,19.21352
17141,15.907558
17189,10.5776
18017,16.120487
18027,15.478639
18045,16.273663
18051,15.336454
18077,17.29253
18079,25.041134
18085,19.436445
18093,22.464785
18099,13.617186
18103,22.274479
18123,5.6979146
19001,0.09532606
19021,4.3524075
19029,-0.22364403
19035,-0.76417625
19037,-0.75001067
19043,2.5385115
19069,4.672543
19073,1.1321983
19097,8.271298
19109,0.42819935
19119,1.0421512
19127,11.351782
19139,8.416958
19141,-0.7279696
19159,-0.35138008
19185,0.2882509
20001,5.893288
20003,-0.29598236
20009,7.8256044
20017,0.846731
20035,11.91306
20055,5.4151855
20069,2.1384957
20075,-0.3093262
20077,-0.38379014
20095,1.2999822
20105,0.84442675
20117,1.1476794
20127,-0.6470436
20147,0.050583124
20151,1.6005481
20155,20.221653
20159,2.2009268
20167,0.8358526
20171,1.7132211
20181,-0.1692443
20183,0.12109587
20195,2.369366
20205,12.684163
21001,22.834913
21033,10.381437
21063,33.7137
21065,37.538807
21101,19.940418
21125,35.053852
21153,38.801746
21173,20.013784
21175,28.40353
21187,20.649513
21199,33.814056
21201,29.899977
21205,23.297407
21235,33.805763
21237,27.491814
22027,2.777506
22045,16.44484
22049,10.489705
22107,6.389218
22127,1.3991326
23003,23.533792
24011,18.07173
25019,10.79436
26007,17.888668
26033,17.3605
26047,19.996294
26069,22.321445
26071,3.7390487
26097,15.823077
26101,21.29116
26113,18.337847
26127,16.614538
26129,22.046309
26131,1.4547417
26143,24.701166
27011,0.37230572
27041,10.298774
27047,10.965655
27051,0.99634004
27075,-0.875762
27107,0.47064784
27117,0.2714169
27125,-0.17305307
27159,8.563901
28001,3.6825764
28005,9.984513
28011,6.7188888
28015,7.343975
28017,4.6904297
28037,-0.065388806
28053,-0.68695915
28067,14.524643
28091,10.884691
28099,3.1359825
28129,3.9137447
28139,8.09852
28141,22.028517
28157,5.8812575
29015,21.401146
29023,27.691748
29035,14.6935
29055,25.722773
29061,6.134086
29073,9.661172
29083,23.432657
29109,20.394518
29119,14.841216
29141,27.270367
29143,14.717986
29147,12.295226
29157,15.053483
29179,14.947319
29186,15.189065
29197,4.7191463
29201,20.935972
29207,26.306591
29213,27.501493
30003,2.0546896
30005,1.2708507
30015,0.19248348
30021,1.6050701
30041,4.401313
30067,11.978699
30077,5.608668
30089,13.094544
30091,0.97125393
30097,0.14606123
30099,0.05199172
30105,-0.3266227
30107,2.321997
31015,0.04163083
31019,5.01387
31023,-0.5707034
31031,-0.14934157
31039,3.8647444
31057,0.16867529
31071,-0.09193307
31077,0.02200978
31107,-0.07118462
31129,-0.17930162
31141,11.973834
31143,-0.14578556
31167,1.7008085
31171,0.041827146
31179,2.1413932
32001,17.551422
32009,4.2120852
32021,3.7715771
33001,25.43105
35017,25.972647
35031,16.541878
35039,27.89042
35059,8.393545
36021,22.754538
36031,24.018208
36037,21.05767
36099,19.800177
37017,21.789543
37041,12.59509
37045,22.868305
37049,20.451923
37061,19.332262
37105,13.946573
37107,19.522911
38045,0.07904454
38047,0.08679789
38051,0.3821412
38073,2.1269176
38083,5.99141
38091,0.08271831
38093,5.8537903
39031,29.817999
39037,26.8854
39039,18.90561
39075,5.197465
39077,22.506714
39079,30.465557
39101,20.83868
39115,16.704266
39125,18.169561
40023,8.850763
40025,0.39650053
40035,10.217529
40039,5.295155
40041,20.828703
40055,5.044086
40067,1.4513495
40099,10.5589285
40107,12.062512
40127,6.8855176
40129,0.4480876
40137,21.142931
40139,3.5891075
41001,14.97948
41021,1.3644016
41023,5.745351
41059,13.906725
41061,11.892545
41063,3.259108
42015,26.82059
42023,7.3042226
42031,28.635653
42037,25.502808
42103,21.215246
42107,25.188635
42113,7.2780704
42115,27.491566
42123,21.16475
45067,21.633106
45069,6.212342
45075,29.396864
46025,-0.09000381
46031,2.2507932
46047,6.454536
46063,0.018811712
46065,0.73396283
46135,6.3316627
47025,29.994213
47035,24.930708
47045,13.09859
47067,14.146391
47069,9.58268
47077,19.110329
47083,17.216206
47095,1.2610635
47109,21.925505
47127,19.67221
47131,20.568045
47133,26.582224
47175,12.898376
48003,3.2652357
48005,13.9254875
48033,0.35460007
48049,17.63797
48073,12.107818
48075,7.2845044
48081,2.3486187
48109,-0.49332547
48117,1.2348592
48119,6.605393
48195,0.06664946
48205,4.095235
48221,13.0323
48223,6.198707
48225,5.5258455
48227,6.712199
48263,2.1810615
48267,0.05868239
48269,3.6753263
48299,15.6768675
48343,9.8158655
48369,1.520922
48371,4.360389
48385,1.5046476
48415,2.1678858
48435,1.7203075
48447,1.867852
48471,25.896103
48481,5.382211
48483,-0.40767974
49009,10.594155
49037,7.7902493
50001,18.493635
51025,19.816324
51029,9.420294
51089,26.088797
51099,11.365214
51105,29.357237
51117,22.099415
51135,9.407464
51171,17.923874
51175,12.696896
51185,26.203695
51580,1.9811414
51590,21.15336
51620,10.763893
51640,13.930618
51720,24.449202
53029,16.681019
53039,12.190843
53075,18.496162
54001,25.619682
54007,37.378407
54047,30.747503
54053,32.751472
54073,11.914583
54091,21.523245
54101,30.177488
55003,10.274742
55007,9.527238
55029,13.92426
55041,6.2977166
55078,2.7870104
55081,19.022211
55085,18.38137
55103,7.089124
55121,13.175111
55135,15.945787
56003,5.0607038
56013,9.864463
56023,17.485271
56031,2.081645
56037,9.752381
01005,13.148582
01017,10.268113
01023,2.7642214
01027,8.488913
01035,-0.3626117
01039,17.45142
01093,17.630213
01095,16.94277
01105,2.9967477
01129,3.8708122
02060,-0.5898684
02066,13.528891
02068,5.204937
02122,17.38373
02180,6.6338243
02195,-1.5362518
02275,-1.8295581
02290,8.131287
04011,2.2708075
04017,22.41636
05011,0.8942759
05017,4.7295537
05023,18.886301
05027,9.591424
05039,1.30533
05047,11.239534
05059,18.74933
05063,18.986017
05067,4.077218
05069,23.652609
05079,0.59814316
05089,19.297806
05095,4.4317327
05103,10.786411
05123,13.071409
05145,21.39644
06005,21.046888
06011,4.2285256
06015,14.908478
06033,25.598038
06035,17.823137
06043,19.370066
06045,21.245348
06057,25.8298
06091,7.441031
08023,5.626518
08027,3.6302745
08049,9.93716
08051,5.3285165
08055,5.4076676
08065,4.055762
08083,16.020761
08095,0.5026416
08117,15.254037
08125,-1.0750629
12037,4.136452
12077,6.368879
12087,11.528893
13003,0.63131773
13007,0.9430049
13017,2.997399
13019,18.22204
13039,15.543433
13055,13.271638
13069,7.3309073
13087,7.3769145
13109,0.36924025
13111,22.473547
13147,16.677551
13157,19.604086
13193,3.471156
13253,-0.047367565
13257,17.511866
13261,17.854206
13281,17.845818
13283,3.140889
13291,17.935091
13305,9.853612
13311,18.613007
16021,4.1090503
16033,5.721116
16035,4.617613
16039,13.975528
16047,7.9105096
16057,5.2027626
16063,0.3273876
16077,1.4674
16085,15.649245
17035,11.869056
17039,12.918705
17065,2.0053363
17071,11.319383
17077,20.635906
17087,12.263382
17109,9.0638275
17121,18.880398
17159,13.5120325
17169,4.104606
18009,18.26469
18031,18.426067
18033,27.182554
18069,18.553923
18075,25.067875
18083,19.067444
18121,21.641167
18125,13.067671
18137,12.846103
18143,24.327402
18151,21.434412
18155,22.812263
18161,3.0746684
18169,20.202267
19023,2.0032341
19041,1.5142765
19065,6.1278462
19135,3.7354252
19167,5.112753
19187,15.354787
19191,0.012313041
20007,0.16463917
20011,1.6918594
20019,0.7075462
20031,0.5928226
20033,-0.114153504
20039,-0.18553163
20047,0.24568748
20051,3.1876166
20059,9.958144
20071,-0.02518063
20109,0.22905348
20113,5.0247316
20125,15.752744
20131,-0.2965767
20163,-0.1688915
20169,15.104892
20185,0.0103357695
20189,3.1689174
21009,21.345957
21035,21.893547
21045,19.99963
21053,23.28022
21075,14.22817
21083,16.49738
21087,1.230002
21105,0.3712418
21121,43.86081
21155,7.2426004
21161,16.992498
21165,19.676054
21167,15.648217
21171,12.034237
21181,26.30598
21183,22.479935
21193,42.911213
21225,3.262802
21233,13.248657
22009,16.530956
22081,2.3293376
22101,12.16835
22115,16.193443
22119,9.713493
23009,20.151896
23011,22.303669
24041,19.977173
26039,21.363226
26061,11.035815
26095,1.6532304
26119,14.90567
26141,6.618646
26159,18.901627
27005,9.929697
27015,2.3051074
27031,-0.44955063
27057,14.954962
27069,-0.15521672
27073,-0.16893691
27077,-0.011776307
27087,0.43121824
27091,-0.739734
27099,9.295584
27127,-1.3707876
27135,1.6014067
27143,8.0730295
27147,11.836209
27151,0.56557715
27153,11.567692
27167,1.4531659
28007,3.8854
28027,-2.2849104
28071,11.576707
28083,5.03921
28101,6.8566
28113,8.406897
28115,7.059301
28119,1.2316085
28161,8.114273
29005,0.19748044
29075,0.09823209
29085,12.826231
29087,-0.17517126
29103,0.61013734
29149,8.328198
29199,7.6262403
29203,18.740505
29209,17.792547
29211,0.6440756
29223,25.864338
30027,1.969089
30033,1.2915994
30075,-0.43720338
30083,-0.5073216
31001,12.591216
31007,0.11126295
31009,0.7650638
31013,1.9428779
31033,0.40394717
31045,-0.7924653
31067,9.303864
31069,-0.06662254
31081,-0.39035535
31083,-0.0151519505
31099,0.9976554
31103,-0.4832028
31105,0.13401134
31131,0.06557508
31145,0.96914035
31149,0.031169737
31151,5.181224
31161,0.7292617
31169,0.12940913
31175,-0.08437859
31185,-0.6681068
32023,22.702393
33003,21.17725
35003,0.9624501
35028,8.695378
35033,1.3294175
35035,20.347595
35041,8.921259
35047,18.703484
36019,26.013153
36025,24.608221
36035,26.754152
36049,25.5965
36077,22.70474
36097,24.825958
37009,18.274803
37013,21.644531
37075,2.2765522
37103,16.155497
37117,13.573556
37121,13.614968
37149,13.64352
37153,17.182158
37155,26.082209
37163,23.260906
38021,0.11452595
38037,-0.29897758
38043,-0.17106467
38055,1.4014485
38057,1.4866241
38081,0.10605243
38087,1.3801136
38099,3.3503258
39011,15.758452
39063,19.45859
39071,29.432182
39119,23.950287
39141,24.78991
39169,21.684946
39175,17.587345
40003,1.3764365
40005,6.15131
40011,4.2754564
40021,21.350338
40049,10.818605
40085,4.9749007
40093,-0.13236569
40115,9.003552
40119,16.970392
41019,23.523384
41065,14.27074
41069,-1.8491752
42009,24.918179
42057,23.16526
42063,24.41648
42093,14.450102
42111,22.073439
45001,19.815853
45005,0.60809046
45025,22.048637
45049,9.293907
45061,10.450813
45071,12.185117
45089,18.10217
46003,-0.009610048
46005,4.4504128
46023,0.20297141
46035,1.3826014
46049,1.0051537
46057,4.6647925
46059,-0.7504297
46075,4.084792
46081,4.702673
46097,-0.058324665
46102,6.253799
46109,-0.6870352
46129,0.16926204
47029,28.226698
47041,15.482408
47055,15.053524
47059,27.12053
47061,7.523319
47085,16.22992
47087,22.162544
47099,24.550661
47107,27.079472
47135,26.000969
47141,26.084955
47177,15.580301
47181,10.72082
47183,20.38616
48017,-2.047348
48095,3.9697292
48097,15.090883
48101,1.8667715
48103,0.3978223
48115,0.82276726
48125,-2.404081
48147,19.526142
48173,-0.8755021
48189,6.7567363
48247,1.4520782
48265,24.501875
48279,0.83855784
48293,12.129208
48311,0.33042517
48333,1.0004866
48335,1.6857908
48337,8.570568
48347,10.908725
48363,11.979615
48403,9.910952
48411,-0.69945294
48413,0.416671
48417,1.4248788
48425,8.784007
48433,2.1126065
48455,17.853603
48487,2.4992788
48501,2.12889
49003,15.569524
49031,-0.43289366
49033,1.1650362
49039,9.491367
49041,10.511191
50009,20.44861
51001,10.713735
51021,6.909303
51033,19.59371
51049,17.465525
51083,6.4428496
51141,11.777059
51143,21.667559
51147,11.385797
51159,4.153586
51163,16.54601
51167,31.209826
51195,28.751663
51197,18.018173
51595,3.9621067
53027,22.034248
53037,14.03359
53069,2.9771369
54021,8.0438
54049,23.889725
54071,4.7127385
54089,21.915342
54095,22.841698
54109,38.455425
55033,14.923164
55037,1.8477222
55043,13.731462
55065,3.6986077
55091,1.0800198
55095,20.280325
55113,10.592608
55125,17.65158
55127,20.271694
55129,13.480623
56029,12.665628
56035,2.6601388
01019,22.506218
01031,19.155499
01037,15.218774
01047,13.763596
01049,18.051151
01057,7.760188
01075,0.7841626
01109,13.133567
01133,25.382587
02013,-0.7581507
02050,2.6978924
02110,14.073753
02158,1.9531637
02220,8.270706
02282,2.7583945
05013,2.808936
05021,23.627838
05049,20.326447
05055,23.523975
05061,3.4542572
05099,4.8096533
05115,19.540182
05121,15.220964
05129,0.21992184
05149,11.084669
06021,13.3082695
06093,22.98465
08003,8.672674
08015,8.455589
08017,1.5797913
08025,13.596524
08029,12.784154
08061,0.9107124
08067,8.303079
08079,-0.38225415
08087,8.612061
08111,2.0804915
08113,3.9183304
12107,20.642286
13005,0.6930844
13049,8.903565
13099,3.2897725
13133,18.971249
13141,13.013142
13165,6.71185
13167,5.0865974
13201,1.7851868
13249,3.886128
13267,8.41118
13309,9.632146
13317,3.4393113
16017,18.300688
16037,4.219589
16081,13.594098
17001,19.920843
17011,10.521625
17033,16.537186
17057,16.803757
17059,7.5702815
17095,18.957687
17103,17.729918
17105,14.298682
17155,8.143521
17165,18.267853
17183,21.632544
17185,6.7203364
17191,13.3378725
18025,27.282425
18041,21.061956
18055,28.774796
18107,13.045531
18147,13.859764
18149,26.981972
18177,19.66981
19007,6.408691
19019,9.036326
19027,5.946204
19047,3.232018
19055,10.234676
19059,8.824042
19063,2.20343
19091,2.7816923
19095,5.1072803
19101,10.163857
19117,2.4667068
19123,12.234208
19125,10.332614
19131,0.0948149
19137,3.182177
19151,1.244631
19157,10.180429
19165,2.0427377
19171,7.8985853
19179,11.326036
20023,0.10274863
20027,-0.267207
20041,8.824525
20073,6.763995
20099,10.851489
20101,-0.054094896
20115,2.0596814
20129,-0.36659884
20145,0.35208234
20165,0.54999304
20187,0.4133705
20193,0.5134792
21011,33.27187
21051,24.008757
21073,15.517747
21079,22.888382
21131,32.03344
21133,42.141273
21137,23.806774
21141,18.45494
21143,6.3389096
21147,13.745191
21157,24.29727
21169,23.96901
21177,23.336433
21189,25.272886
21213,8.910827
21217,15.706519
21229,4.65388
21231,19.725702
22011,14.6041
22013,11.432771
22039,9.682186
22061,13.78297
22097,19.71908
22117,15.698996
23015,22.64153
23021,11.636933
23029,20.634342
24001,25.03151
24019,9.677784
24023,21.205664
24047,20.927124
25007,9.077597
25011,18.823797
26029,21.304068
26035,25.013798
26051,22.150887
26057,21.382994
26059,25.067616
26085,19.900513
26103,17.189516
26133,22.610134
26135,21.27431
26151,22.807877
26153,1.2979394
27023,0.35809222
27065,14.191332
27083,-0.91334647
27085,5.351614
27089,1.0094653
27093,8.389649
27097,15.73225
27101,-0.05120813
27111,14.949886
27121,7.005824
27155,0.08118888
27161,6.0363436
27165,0.63265496
27169,11.55628
28025,4.7568903
28031,7.1173353
28043,3.5179875
28057,18.936459
28061,8.19265
28075,9.401586
28079,6.615847
28081,12.7342
28095,12.519371
28103,2.8698661
28105,13.737337
28125,0.67776906
28145,10.090693
28151,7.2944283
28153,2.2451117
29007,18.053482
29009,17.421057
29029,12.999742
29039,16.271824
29065,18.122723
29067,14.674037
29069,14.100963
29101,18.263649
29105,22.835617
29121,15.49928
29131,24.0855
29133,1.6508275
29139,15.708493
29155,7.678371
29159,16.982843
29161,23.176783
29163,13.1958885
29181,29.55544
29187,21.595114
29215,20.823744
29217,21.676834
29229,25.69948
30017,1.3978293
30019,0.37311956
30029,21.61
30037,1.6537455
30047,11.383556
30057,5.5044208
30071,0.58054155
30085,1.9961982
30087,-1.8048208
30093,14.181394
30103,2.012342
30109,0.80833685
31011,-0.0062670717
31041,-0.030347606
31049,0.81675094
31051,1.22847
31059,0.108999096
31061,0.20070407
31065,0.37786415
31075,3.9715111
31085,0.6172891
31101,7.2899528
31111,1.0570937
31113,0.8681371
31123,0.3768416
31125,0.2473167
31127,0.73769903
31165,0.5058532
31173,4.5068355
32007,6.8150425
33005,24.163353
33007,23.55277
33009,17.3258
33013,22.881535
35005,16.224829
35009,13.976707
35011,-0.300011
35015,15.933175
35025,9.617809
35027,14.348501
35051,17.921637
35053,11.089545
35055,19.250519
36011,25.616844
36017,26.25396
36089,25.204115
36101,26.272633
37005,17.662035
37011,19.989275
37015,16.632334
37031,20.332367
37039,14.490286
37043,10.204502
37055,21.296288
37077,21.198215
37079,17.068722
37083,23.106285
37091,14.278908
37099,24.593712
37123,12.679048
37171,20.604527
37173,17.095436
37181,17.169466
37189,23.888905
38007,0.619971
38011,0.030714145
38025,2.9498904
38027,1.7934635
38063,-0.30422205
38067,0.13528568
38071,0.104391284
39001,31.677677
39005,23.844923
39059,24.423882
39067,23.029621
39069,13.485779
39105,31.670483
39111,18.907444
39121,10.601585
39171,19.711414
40007,0.34154665
40009,4.454563
40013,16.866236
40053,0.31608737
40061,3.301352
40071,13.379582
40077,2.4433372
40091,20.380835
40123,12.4973135
40133,11.206398
41057,17.34968
42065,24.993979
42089,30.054152
42109,17.136875
42127,23.496605
45009,12.663697
45021,17.173843
45029,17.152382
45043,22.342989
46027,9.26331
46037,0.1270729
46039,-0.05220922
46041,2.9680753
46061,3.3805666
46071,2.866099
46073,-0.019289348
46111,0.036903474
47005,22.390724
47017,13.955488
47027,26.81867
47039,16.121796
47071,21.296558
47091,19.242432
47101,7.076108
47121,24.807846
48031,13.935622
48043,9.345401
48063,10.069847
48083,7.974024
48131,2.920652
48133,14.737923
48149,8.650463
48151,-0.50219214
48159,10.300013
48165,3.076617
48179,3.4307907
48191,2.8416715
48213,24.565712
48217,16.758589
48237,1.3434618
48243,3.7373176
48273,6.2501755
48285,5.602777
48287,4.8117633
48301,16.664248
48313,-0.02006529
48331,10.526535
48353,5.804882
48377,6.85555
48383,2.4496646
48387,11.301756
48389,9.773155
48431,-0.13407195
48463,6.8092732
48475,5.6861706
48477,9.279393
48489,8.55896
49001,0.65367734
49007,7.693382
49017,0.86757153
49043,11.310601
49047,5.8116393
50005,15.268457
50015,15.732004
50027,21.261702
51027,34.363747
51035,22.230392
51133,9.323122
51139,19.300087
51530,6.16702
51690,17.697927
53009,22.652294
53013,-0.61875725
53045,21.9371
53049,21.30083
53051,14.828934
54025,22.555233
54033,23.335093
54035,28.49149
54041,23.480738
54043,39.676422
54045,35.299366
54059,38.838917
54063,19.577621
55005,15.323313
55051,1.9455183
55069,12.94788
55077,18.141348
55097,16.923065
55111,10.858331
55119,14.195375
55141,18.223017
56001,4.481754
56005,7.57546
56009,8.760484
56011,4.588459
56019,0.73990124
56041,3.6522636
56043,0.9051313
56045,4.0265956
01011,4.3436666
01029,18.273968
01041,6.4656777
01043,25.050936
01059,9.643792
01071,20.758942
01099,3.8733776
01131,2.6225724
02016,11.673506
02063,7.709314
02185,3.9584897
04007,20.926876
05043,9.102203
05057,2.1306758
05065,23.249733
05071,9.719121
05083,17.380766
05109,7.993002
05135,18.877865
05137,20.265764
06009,19.955347
06023,21.351208
06063,16.301163
06103,18.74889
08007,6.5141616
08009,0.005563496
08011,1.693945
08033,0.5070362
08037,9.532755
08053,-0.7601033
08103,2.4515662
08105,13.128144
08109,15.703622
09160,27.767141
12013,12.937378
12023,19.143269
12027,18.879251
12043,19.3469
12045,19.65642
12047,18.957333
12093,15.690348
12123,14.414496
13009,16.85519
13023,8.140791
13031,14.499203
13081,5.6423707
13105,9.000047
13125,7.2362394
13129,14.617583
13163,9.090592
13205,11.709513
13241,20.121073
13251,6.8430567
13265,10.377742
13277,11.831179
13287,4.2654557
13293,19.167635
16025,1.9184206
16031,4.714071
16067,15.088407
16087,10.025561
17021,8.648556
17025,16.767094
17135,20.5989
17137,7.479568
17151,-0.99545133
17153,5.1639695
17157,19.81268
17171,4.6098323
17173,14.932855
17187,13.31263
17193,14.801108
17195,20.46899
17199,20.992767
18001,19.026451
18023,7.3538837
18065,20.745293
18131,17.462578
18139,25.191542
19003,0.27758792
19009,0.19049068
19025,-0.62415606
19033,14.427249
19039,0.65112627
19045,17.963242
19053,7.7381606
19057,9.991662
19083,1.1700591
19093,-0.0013336074
19107,3.0727725
19133,-0.6397171
19145,8.831831
19147,-0.8421468
19149,9.001833
19177,-1.0748808
19189,9.167318
20029,2.684533
20053,0.07836986
20067,1.9749687
20081,4.8125153
20083,0.1948569
20089,-0.52306414
20093,1.2506255
20123,0.15015255
20143,-0.03266763
20157,-1.2696933
20179,3.1516998
20199,0.59338707
20207,0.9685224
21041,8.02135
21055,11.445659
21071,39.54787
21091,23.063574
21095,35.98511
21097,19.197567
21099,26.973867
21107,20.71018
21109,41.56426
21115,44.30891
21119,39.4645
21151,20.227615
21159,28.252577
21203,41.298573
21207,21.851904
21219,16.727564
21223,31.291836
22021,7.2227383
22025,4.1209273
22035,-0.048867933
22065,-2.80635
22123,4.4122486
23013,16.56199
23025,29.367252
26001,8.161459
26011,22.888186
26013,-0.0046072616
26023,22.861214
26031,20.608444
26063,21.119781
26073,17.321604
26091,24.897429
26107,23.649261
26109,12.719457
26123,22.333336
26155,25.9995
26165,29.189926
27001,15.459355
27007,16.169903
27021,20.82078
27033,2.7880216
27035,12.6520195
27067,7.1338177
27081,0.73607415
27105,12.124449
27115,22.303087
27129,1.5062468
27173,0.9658151
28003,17.138283
28013,3.7857268
28019,4.314585
28039,12.739234
28041,2.2116652
28063,0.4397794
28065,7.0458064
28069,6.5057826
28077,5.0509057
28097,0.3817639
28107,8.625609
28109,21.184431
28155,5.626532
29041,0.39121112
29045,5.6479626
29117,3.0952575
29123,11.271049
29125,23.399637
29127,14.955275
29129,-0.09330192
29137,5.4763923
29169,18.7499
29175,17.17132
29195,8.470011
29227,1.3747857
30039,3.110336
30045,2.499682
30051,11.757899
30053,19.248968
30059,-0.57903904
30065,6.6063504
30073,0.95429856
30079,-1.2076943
30101,0.8633136
31003,-0.032063745
31005,0.80253893
31017,0.429826
31029,0.28206766
31035,0.46582055
31037,4.363221
31047,5.540877
31063,-1.920633
31073,-0.7022261
31087,-1.0582153
31097,-0.29781723
31117,0.49312726
31137,0.8791062
31147,-0.11334531
31181,-0.051631115
31183,0.2567041
32005,25.697382
32011,0.2285086
32013,9.384973
32027,10.66456
32033,3.9410927
33019,21.285616
35007,17.000328
35019,2.642299
35021,-0.89985234
35023,0.8858637
35029,16.932781
35037,7.359016
36009,24.41262
36033,20.286688
36039,22.615612
36041,16.123184
36057,28.753345
36123,26.784052
37047,18.120342
37085,14.695622
37095,1.683852
37113,14.696712
37167,20.01175
37175,18.563757
37195,19.843527
38001,0.15079854
38009,-0.2014672
38013,1.4735618
38019,-0.2840544
38033,-1.0368872
38039,-0.032187905
38041,0.8939804
38061,5.5733504
38079,1.7743179
38097,-0.0686588
38105,5.484405
39009,19.52348
39027,23.869864
39047,21.243526
39107,10.366314
39131,33.28555
39145,28.34353
39163,38.76992
40015,6.4401693
40029,0.25143373
40057,0.0020354355
40065,2.9066477
40069,9.3400545
40073,4.467393
40075,3.439581
40101,14.271605
40121,15.376579
40125,16.127401
40141,0.76271474
40147,19.641083
40149,6.360077
40153,5.5994196
41025,5.43597
41027,8.684075
41035,20.07907
41037,18.709576
41045,10.939257
41055,8.38029
42033,28.397959
42047,13.108813
42061,19.196533
42067,16.895468
42083,13.787701
42085,22.072626
42097,27.578005
42105,23.368605
42117,26.653893
45011,9.608893
45027,23.85575
46007,2.1675127
46009,-0.15333249
46015,0.36139297
46019,8.470578
46021,0.50606817
46043,0.02838442
46045,-0.17988855
46051,0.05919325
46053,0.7655689
46069,0.17637207
46079,3.5307906
46085,0.4551803
46101,1.8158532
46105,-0.08357025
46117,3.1397939
46119,-0.73937076
46121,8.291676
46137,3.214557
47003,13.551591
47123,20.51147
47143,23.070347
47155,16.145727
47185,25.188478
48001,6.897935
48023,-0.5057812
48025,12.113382
48045,2.2110987
48047,0.054406792
48053,21.377419
48057,7.8473387
48129,1.0280483
48153,0.4848028
48155,-2.1241112
48161,12.256964
48163,2.8897302
48171,7.3244023
48177,6.218182
48193,2.3844395
48211,5.741816
48241,12.563539
48249,7.514481
48261,0.48726436
48271,3.2026777
48275,-0.4525477
48295,1.3884385
48315,10.344278
48321,9.632791
48345,0.2726958
48349,16.335548
48351,14.398896
48357,0.6164315
48365,12.149377
48373,16.999113
48391,0.5030432
48393,0.24774267
48399,4.205402
48419,7.734522
48421,-0.46309912
48427,13.451915
48429,2.4200113
48445,0.039163157
48449,10.071065
48461,-0.46137074
48467,19.880873
48499,18.594633
48503,5.988827
48505,-1.2056589
49013,9.559176
49015,1.5708082
49025,9.373541
49027,0.9318974
49051,11.419048
49055,0.31991214
50003,17.511822
51005,11.674478
51017,1.6528037
51051,35.759476
51057,8.170388
51077,19.09668
51081,10.813823
51091,1.011417
51103,4.6865153
51109,20.286015
51111,8.228346
51131,6.844488
51137,18.379091
51193,18.620525
53001,9.8755865
53019,14.214215
53023,1.2629408
53025,11.043319
53031,13.820466
53041,23.361252
53047,16.324238
53055,6.0536823
54013,19.801283
54017,19.873283
54055,21.87387
54087,31.283981
54093,3.77284
55019,8.50432
55023,4.157976
55027,22.5384
55047,10.921793
55055,18.209991
55057,17.651985
55107,16.367632
55115,11.913309
56007,-0.127482
56039,4.8144536
