FIPS,Deaths,Population,2016 MR
01001,-9.0,55416.0,-9.0
01003,32.0,208563.0,15.34
01005,-9.0,25965.0,-9.0
01007,-9.0,22643.0,-9.0
01009,14.0,57704.0,24.26
01011,-9.0,10362.0,-9.0
01013,-9.0,19998.0,-9.0
01015,15.0,114611.0,13.09
01017,-9.0,33843.0,-9.0
01019,-9.0,25725.0,-9.0
01021,-9.0,43941.0,-9.0
01023,0.0,12993.0,0.0
01025,-9.0,24392.0,-9.0
01027,-9.0,13492.0,-9.0
01029,0.0,14924.0,0.0
01031,-9.0,51226.0,-9.0
01033,-9.0,54216.0,-9.0
01035,-9.0,12395.0,-9.0
01037,-9.0,10581.0,-9.0
01039,0.0,37458.0,0.0
01041,0.0,13913.0,0.0
01043,19.0,82471.0,23.04
01045,-9.0,49226.0,-9.0
01047,-9.0,40008.0,-9.0
01049,18.0,70900.0,25.39
01051,-9.0,81799.0,-9.0
01053,-9.0,37728.0,-9.0
01055,15.0,102564.0,14.63
01057,-9.0,16546.0,-9.0
01059,-9.0,31628.0,-9.0
01061,-9.0,26614.0,-9.0
01063,0.0,8422.0,0.0
01065,0.0,14952.0,0.0
01067,0.0,17164.0,0.0
01069,-9.0,104056.0,-9.0
01071,-9.0,52138.0,-9.0
01073,200.0,659521.0,30.33
01075,0.0,13918.0,0.0
01077,11.0,92318.0,11.92
01079,-9.0,33244.0,-9.0
01081,-9.0,158991.0,-9.0
01083,-9.0,92753.0,-9.0
01085,0.0,10358.0,0.0
01087,-9.0,18963.0,-9.0
01089,61.0,356967.0,17.09
01091,0.0,19673.0,0.0
01093,0.0,29998.0,0.0
01095,13.0,95157.0,13.66
01097,64.0,414836.0,15.43
01099,-9.0,21530.0,-9.0
01101,16.0,226349.0,7.07
01103,12.0,119012.0,10.08
01105,0.0,9574.0,0.0
01107,-9.0,20324.0,-9.0
01109,-9.0,33286.0,-9.0
01111,-9.0,22652.0,-9.0
01113,-9.0,58172.0,-9.0
01115,29.0,88019.0,32.95
01117,45.0,210622.0,21.37
01119,0.0,13040.0,0.0
01121,-9.0,80103.0,-9.0
01123,10.0,40727.0,24.55
01125,30.0,206102.0,14.56
01127,12.0,64967.0,18.47
01129,-9.0,16756.0,-9.0
01131,0.0,10986.0,0.0
01133,-9.0,23805.0,-9.0
02013,0.0,3296.0,0.0
02016,0.0,5647.0,0.0
02020,52.0,298192.0,17.44
02050,-9.0,17968.0,-9.0
02060,0.0,898.0,0.0
02063,,,-9.0
02066,,,-9.0
02068,0.0,1953.0,0.0
02070,-9.0,4954.0,-9.0
02090,14.0,100605.0,13.92
02100,0.0,2496.0,0.0
02105,0.0,2078.0,0.0
02110,-9.0,32468.0,-9.0
02122,15.0,58506.0,25.64
02130,-9.0,13746.0,-9.0
02150,-9.0,13732.0,-9.0
02158,,,-9.0
02164,0.0,1562.0,0.0
02170,23.0,104365.0,22.04
02180,0.0,9917.0,0.0
02185,0.0,9606.0,0.0
02188,0.0,7673.0,0.0
02195,-9.0,3149.0,-9.0
02198,-9.0,6347.0,-9.0
02220,-9.0,8830.0,-9.0
02230,0.0,1088.0,0.0
02240,-9.0,6876.0,-9.0
02275,-9.0,2411.0,-9.0
02282,0.0,601.0,0.0
02290,-9.0,5526.0,-9.0
04001,-9.0,73112.0,-9.0
04003,26.0,125770.0,20.67
04005,18.0,140908.0,12.77
04007,22.0,53556.0,41.08
04009,-9.0,37599.0,-9.0
04011,0.0,9613.0,0.0
04012,-9.0,20317.0,-9.0
04013,797.0,4242997.0,18.78
04015,56.0,205249.0,27.28
04017,33.0,110026.0,29.99
04019,240.0,1016206.0,23.62
04021,58.0,418540.0,13.86
04023,-9.0,45985.0,-9.0
04025,68.0,225562.0,30.15
04027,40.0,205631.0,19.45
05001,-9.0,18214.0,-9.0
05003,-9.0,20492.0,-9.0
05005,-9.0,41062.0,-9.0
05007,39.0,258291.0,15.1
05009,-9.0,37304.0,-9.0
05011,-9.0,10996.0,-9.0
05013,-9.0,5144.0,-9.0
05015,-9.0,27646.0,-9.0
05017,-9.0,10945.0,-9.0
05019,-9.0,22657.0,-9.0
05021,-9.0,14920.0,-9.0
05023,-9.0,25264.0,-9.0
05025,-9.0,8241.0,-9.0
05027,-9.0,23901.0,-9.0
05029,-9.0,20937.0,-9.0
05031,-9.0,105835.0,-9.0
05033,10.0,62267.0,16.06
05035,-9.0,49235.0,-9.0
05037,-9.0,17037.0,-9.0
05039,0.0,7469.0,0.0
05041,0.0,11876.0,0.0
05043,-9.0,18651.0,-9.0
05045,15.0,122227.0,12.27
05047,-9.0,17626.0,-9.0
05049,-9.0,12123.0,-9.0
05051,23.0,97477.0,23.6
05053,-9.0,18082.0,-9.0
05055,-9.0,44598.0,-9.0
05057,0.0,21974.0,0.0
05059,-9.0,33374.0,-9.0
05061,0.0,13377.0,0.0
05063,-9.0,37168.0,-9.0
05065,0.0,13433.0,0.0
05067,-9.0,17221.0,-9.0
05069,-9.0,70016.0,-9.0
05071,-9.0,26176.0,-9.0
05073,0.0,6847.0,0.0
05075,0.0,16735.0,0.0
05077,0.0,9310.0,0.0
05079,-9.0,13705.0,-9.0
05081,-9.0,12451.0,-9.0
05083,-9.0,21792.0,-9.0
05085,18.0,72228.0,24.92
05087,-9.0,16072.0,-9.0
05089,-9.0,16325.0,-9.0
05091,-9.0,43787.0,-9.0
05093,10.0,42835.0,23.35
05095,0.0,7169.0,0.0
05097,0.0,8879.0,0.0
05099,-9.0,8398.0,-9.0
05101,0.0,7936.0,0.0
05103,-9.0,24098.0,-9.0
05105,-9.0,10132.0,-9.0
05107,-9.0,18975.0,-9.0
05109,-9.0,10832.0,-9.0
05111,-9.0,24023.0,-9.0
05113,-9.0,20173.0,-9.0
05115,10.0,63779.0,15.68
05117,0.0,8251.0,0.0
05119,55.0,393250.0,13.99
05121,-9.0,17448.0,-9.0
05123,-9.0,26196.0,-9.0
05125,18.0,118703.0,15.16
05127,-9.0,10277.0,-9.0
05129,-9.0,7967.0,-9.0
05131,25.0,127793.0,19.56
05133,0.0,16910.0,0.0
05135,-9.0,17157.0,-9.0
05137,-9.0,12539.0,-9.0
05139,-9.0,39887.0,-9.0
05141,-9.0,16628.0,-9.0
05143,16.0,228049.0,7.02
05145,13.0,79263.0,16.4
05147,-9.0,6641.0,-9.0
05149,-9.0,21552.0,-9.0
06001,163.0,1647704.0,9.89
06003,0.0,1071.0,0.0
06005,-9.0,37383.0,-9.0
06007,73.0,226864.0,32.18
06009,-9.0,45171.0,-9.0
06011,-9.0,21588.0,-9.0
06013,122.0,1135127.0,10.75
06015,-9.0,27540.0,-9.0
06017,42.0,185625.0,22.63
06019,144.0,979915.0,14.7
06021,-9.0,28085.0,-9.0
06023,54.0,136646.0,39.52
06025,36.0,180883.0,19.9
06027,-9.0,18144.0,-9.0
06029,205.0,884788.0,23.17
06031,12.0,149785.0,8.01
06033,18.0,64116.0,28.07
06035,12.0,30870.0,38.87
06037,821.0,10137915.0,8.1
06039,18.0,154697.0,11.64
06041,40.0,260651.0,15.35
06043,-9.0,17410.0,-9.0
06045,29.0,87628.0,33.09
06047,39.0,268672.0,14.52
06049,-9.0,8795.0,-9.0
06051,-9.0,13981.0,-9.0
06053,53.0,435232.0,12.18
06055,11.0,142166.0,7.74
06057,17.0,99107.0,17.15
06059,415.0,3172532.0,13.08
06061,47.0,380531.0,12.35
06063,-9.0,18627.0,-9.0
06065,353.0,2387741.0,14.78
06067,227.0,1514460.0,14.99
06069,-9.0,59414.0,-9.0
06071,94.0,2140096.0,4.39
06073,434.0,3317749.0,13.08
06075,186.0,870887.0,21.36
06077,108.0,733709.0,14.72
06079,45.0,282887.0,15.91
06081,50.0,764797.0,6.54
06083,68.0,446170.0,15.24
06085,150.0,1919402.0,7.81
06087,48.0,274673.0,17.48
06089,37.0,179631.0,20.6
06091,0.0,2947.0,0.0
06093,16.0,43603.0,36.69
06095,49.0,440207.0,11.13
06097,60.0,503070.0,11.93
06099,70.0,541560.0,12.93
06101,10.0,96651.0,10.35
06103,-9.0,63276.0,-9.0
06105,-9.0,12782.0,-9.0
06107,42.0,460437.0,9.12
06109,15.0,53804.0,27.88
06111,110.0,849738.0,12.95
06113,34.0,215802.0,15.76
06115,16.0,75275.0,21.26
08001,95.0,498187.0,19.07
08003,-9.0,16654.0,-9.0
08005,96.0,637068.0,15.07
08007,-9.0,12854.0,-9.0
08009,0.0,3568.0,0.0
08011,-9.0,5861.0,-9.0
08013,36.0,322226.0,11.17
08014,12.0,66529.0,18.04
08015,-9.0,19058.0,-9.0
08017,0.0,1848.0,0.0
08019,0.0,9436.0,0.0
08021,-9.0,8129.0,-9.0
08023,0.0,3721.0,0.0
08025,-9.0,5694.0,-9.0
08027,-9.0,4602.0,-9.0
08029,-9.0,30442.0,-9.0
08031,128.0,693060.0,18.47
08033,-9.0,2056.0,-9.0
08035,37.0,328632.0,11.26
08037,-9.0,53989.0,-9.0
08039,-9.0,25231.0,-9.0
08041,167.0,688284.0,24.26
08043,16.0,47446.0,33.72
08045,13.0,58887.0,22.08
08047,0.0,5931.0,0.0
08049,-9.0,15008.0,-9.0
08051,-9.0,16408.0,-9.0
08053,0.0,788.0,0.0
08055,-9.0,6677.0,-9.0
08057,0.0,1357.0,0.0
08059,91.0,571837.0,15.91
08061,0.0,1373.0,0.0
08063,0.0,8195.0,0.0
08065,0.0,7618.0,0.0
08067,-9.0,55623.0,-9.0
08069,40.0,339993.0,11.76
08071,-9.0,14103.0,-9.0
08073,-9.0,5643.0,-9.0
08075,-9.0,21919.0,-9.0
08077,25.0,150083.0,16.66
08079,0.0,732.0,0.0
08081,-9.0,13109.0,-9.0
08083,10.0,26999.0,37.04
08085,-9.0,41471.0,-9.0
08087,-9.0,28274.0,-9.0
08089,-9.0,18295.0,-9.0
08091,0.0,4857.0,0.0
08093,-9.0,17166.0,-9.0
08095,-9.0,4288.0,-9.0
08097,-9.0,17752.0,-9.0
08099,-9.0,11922.0,-9.0
08101,39.0,165123.0,23.62
08103,-9.0,6545.0,-9.0
08105,-9.0,11479.0,-9.0
08107,-9.0,24648.0,-9.0
08109,0.0,6389.0,0.0
08111,0.0,694.0,0.0
08113,0.0,8017.0,0.0
08115,0.0,2407.0,0.0
08117,-9.0,30374.0,-9.0
08119,-9.0,24043.0,-9.0
08121,0.0,4908.0,0.0
08123,38.0,294932.0,12.88
08125,0.0,10103.0,0.0
09110,,,50.07
09120,,,4.28
09130,,,33.81
09140,,,16.96
09150,,,33.3
09160,,,21.53
09170,,,18.14
09180,,,32.68
09190,,,15.75
10001,45.0,174827.0,25.74
10003,161.0,556987.0,28.91
10005,76.0,220251.0,34.51
11001,269.0,681170.0,39.49
12001,32.0,263496.0,12.14
12003,-9.0,27937.0,-9.0
12005,50.0,183974.0,27.18
12007,-9.0,26926.0,-9.0
12009,180.0,579130.0,31.08
12011,532.0,1909632.0,27.86
12013,-9.0,14423.0,-9.0
12015,17.0,178465.0,9.53
12017,61.0,143621.0,42.47
12019,71.0,208311.0,34.08
12021,51.0,365136.0,13.97
12023,-9.0,69299.0,-9.0
12027,-9.0,35800.0,-9.0
12029,-9.0,16300.0,-9.0
12031,400.0,926255.0,43.18
12033,45.0,315187.0,14.28
12035,16.0,108310.0,14.77
12037,-9.0,11901.0,-9.0
12039,-9.0,46006.0,-9.0
12041,0.0,17212.0,0.0
12043,-9.0,13970.0,-9.0
12045,0.0,15990.0,0.0
12047,0.0,14361.0,0.0
12049,-9.0,27360.0,-9.0
12051,-9.0,39290.0,-9.0
12053,39.0,182835.0,21.33
12055,24.0,100917.0,23.78
12057,227.0,1376238.0,16.49
12059,-9.0,19487.0,-9.0
12061,32.0,151563.0,21.11
12063,-9.0,48229.0,-9.0
12065,-9.0,13906.0,-9.0
12067,0.0,8617.0,0.0
12069,46.0,335396.0,13.72
12071,148.0,722336.0,20.49
12073,26.0,287822.0,9.03
12075,-9.0,39961.0,-9.0
12077,0.0,8202.0,0.0
12079,-9.0,18224.0,-9.0
12081,173.0,375888.0,46.02
12083,148.0,349020.0,42.4
12085,37.0,158701.0,23.31
12086,300.0,2712945.0,11.06
12087,30.0,79077.0,37.94
12089,22.0,80622.0,27.29
12091,44.0,201170.0,21.87
12093,-9.0,40314.0,-9.0
12095,216.0,1314367.0,16.43
12097,52.0,336015.0,15.48
12099,586.0,1443810.0,40.59
12101,154.0,512368.0,30.06
12103,258.0,960730.0,26.85
12105,133.0,666149.0,19.97
12107,12.0,72277.0,16.6
12109,37.0,235087.0,15.74
12111,102.0,306507.0,33.28
12113,21.0,170497.0,12.32
12115,90.0,412569.0,21.81
12117,85.0,455479.0,18.66
12119,15.0,123996.0,12.1
12121,-9.0,43794.0,-9.0
12123,-9.0,22175.0,-9.0
12125,-9.0,15142.0,-9.0
12127,113.0,529364.0,21.35
12129,-9.0,31893.0,-9.0
12131,-9.0,65889.0,-9.0
12133,-9.0,24569.0,-9.0
13001,-9.0,18428.0,-9.0
13003,-9.0,8273.0,-9.0
13005,0.0,11372.0,0.0
13007,0.0,3150.0,0.0
13009,0.0,45144.0,0.0
13011,-9.0,18397.0,-9.0
13013,13.0,77126.0,16.86
13015,20.0,103807.0,19.27
13017,-9.0,17243.0,-9.0
13019,-9.0,18993.0,-9.0
13021,16.0,152760.0,10.47
13023,-9.0,12970.0,-9.0
13025,-9.0,18355.0,-9.0
13027,-9.0,15687.0,-9.0
13029,-9.0,36230.0,-9.0
13031,-9.0,74722.0,-9.0
13033,-9.0,22688.0,-9.0
13035,-9.0,23817.0,-9.0
13037,-9.0,6324.0,-9.0
13039,-9.0,53008.0,-9.0
13043,-9.0,10910.0,-9.0
13045,29.0,116261.0,24.94
13047,21.0,66398.0,31.63
13049,-9.0,12497.0,-9.0
13051,35.0,289082.0,12.11
13053,0.0,10922.0,0.0
13055,-9.0,24824.0,-9.0
13057,50.0,241689.0,20.69
13059,17.0,124707.0,13.63
13061,-9.0,3020.0,-9.0
13063,22.0,279462.0,7.87
13065,-9.0,6829.0,-9.0
13067,126.0,748150.0,16.84
13069,-9.0,43012.0,-9.0
13071,-9.0,45708.0,-9.0
13073,20.0,147450.0,13.56
13075,0.0,17167.0,0.0
13077,16.0,140526.0,11.39
13079,-9.0,12322.0,-9.0
13081,-9.0,22721.0,-9.0
13083,0.0,16257.0,0.0
13085,-9.0,23604.0,-9.0
13087,-9.0,26822.0,-9.0
13089,76.0,740321.0,10.27
13091,-9.0,20563.0,-9.0
13093,-9.0,13763.0,-9.0
13095,-9.0,90017.0,-9.0
13097,32.0,142224.0,22.5
13099,-9.0,10339.0,-9.0
13101,0.0,3962.0,0.0
13103,-9.0,58712.0,-9.0
13105,-9.0,19143.0,-9.0
13107,0.0,22635.0,0.0
13109,-9.0,10670.0,-9.0
13111,-9.0,24900.0,-9.0
13113,-9.0,111627.0,-9.0
13115,17.0,96560.0,17.61
13117,22.0,221009.0,9.95
13119,-9.0,22320.0,-9.0
13121,162.0,1023336.0,15.83
13123,-9.0,29733.0,-9.0
13125,0.0,3006.0,0.0
13127,12.0,84502.0,14.2
13129,10.0,56904.0,17.57
13131,-9.0,24808.0,-9.0
13133,-9.0,17003.0,-9.0
13135,80.0,907135.0,8.82
13137,-9.0,44246.0,-9.0
13139,31.0,196637.0,15.77
13141,0.0,8640.0,0.0
13143,10.0,29042.0,34.43
13145,-9.0,33652.0,-9.0
13147,-9.0,25553.0,-9.0
13149,-9.0,11487.0,-9.0
13151,40.0,221768.0,18.04
13153,14.0,152122.0,9.2
13155,-9.0,9422.0,-9.0
13157,11.0,64615.0,17.02
13159,-9.0,13654.0,-9.0
13161,-9.0,14877.0,-9.0
13163,-9.0,15916.0,-9.0
13165,-9.0,8849.0,-9.0
13167,-9.0,9505.0,-9.0
13169,-9.0,28623.0,-9.0
13171,-9.0,18469.0,-9.0
13173,-9.0,10399.0,-9.0
13175,-9.0,47516.0,-9.0
13177,-9.0,29337.0,-9.0
13179,-9.0,62570.0,-9.0
13181,-9.0,7828.0,-9.0
13183,-9.0,18437.0,-9.0
13185,12.0,114628.0,10.47
13187,-9.0,31445.0,-9.0
13189,-9.0,21490.0,-9.0
13191,-9.0,13927.0,-9.0
13193,-9.0,13450.0,-9.0
13195,-9.0,28824.0,-9.0
13197,-9.0,8524.0,-9.0
13199,0.0,21074.0,0.0
13201,0.0,5926.0,0.0
13205,0.0,22459.0,0.0
13207,-9.0,27306.0,-9.0
13209,0.0,9060.0,0.0
13211,-9.0,18170.0,-9.0
13213,-9.0,39315.0,-9.0
13215,17.0,197485.0,8.61
13217,14.0,106999.0,13.08
13219,0.0,36838.0,0.0
13221,0.0,14921.0,0.0
13223,32.0,155825.0,20.54
13225,-9.0,26655.0,-9.0
13227,-9.0,30832.0,-9.0
13229,-9.0,19171.0,-9.0
13231,-9.0,17941.0,-9.0
13233,-9.0,41776.0,-9.0
13235,-9.0,11251.0,-9.0
13237,-9.0,21477.0,-9.0
13239,0.0,2335.0,0.0
13241,-9.0,16559.0,-9.0
13243,0.0,7177.0,0.0
13245,48.0,201647.0,23.8
13247,16.0,89355.0,17.91
13249,0.0,5098.0,0.0
13251,-9.0,14044.0,-9.0
13253,0.0,8468.0,0.0
13255,10.0,64806.0,15.43
13257,-9.0,25751.0,-9.0
13259,-9.0,5705.0,-9.0
13261,-9.0,30389.0,-9.0
13263,0.0,6171.0,0.0
13265,0.0,1593.0,0.0
13267,-9.0,25092.0,-9.0
13269,0.0,8232.0,0.0
13271,-9.0,15965.0,-9.0
13273,0.0,8967.0,0.0
13275,-9.0,45248.0,-9.0
13277,-9.0,40828.0,-9.0
13279,-9.0,27196.0,-9.0
13281,-9.0,11391.0,-9.0
13283,-9.0,6637.0,-9.0
13285,10.0,70005.0,14.28
13287,-9.0,8030.0,-9.0
13289,-9.0,8171.0,-9.0
13291,-9.0,22928.0,-9.0
13293,-9.0,26335.0,-9.0
13295,11.0,67896.0,16.2
13297,16.0,90184.0,17.74
13299,-9.0,35738.0,-9.0
13301,0.0,5442.0,0.0
13303,-9.0,20457.0,-9.0
13305,-9.0,30104.0,-9.0
13307,-9.0,2599.0,-9.0
13309,0.0,7978.0,0.0
13311,-9.0,28884.0,-9.0
13313,11.0,104589.0,10.52
13315,-9.0,8761.0,-9.0
13317,-9.0,9805.0,-9.0
13319,0.0,9104.0,0.0
13321,-9.0,20748.0,-9.0
15001,22.0,198449.0,11.09
15003,140.0,992605.0,14.1
15005,0.0,88.0,0.0
15007,10.0,72029.0,13.88
15009,19.0,165386.0,11.49
16001,70.0,444028.0,15.76
16003,0.0,3900.0,0.0
16005,22.0,84377.0,26.07
16007,-9.0,5945.0,-9.0
16009,-9.0,9092.0,-9.0
16011,-9.0,45201.0,-9.0
16013,-9.0,21791.0,-9.0
16015,-9.0,7124.0,-9.0
16017,-9.0,42536.0,-9.0
16019,27.0,112232.0,24.06
16021,0.0,11681.0,0.0
16023,-9.0,2501.0,-9.0
16025,0.0,1072.0,0.0
16027,16.0,211698.0,7.56
16029,0.0,6887.0,0.0
16031,-9.0,23504.0,-9.0
16033,-9.0,860.0,-9.0
16035,-9.0,8497.0,-9.0
16037,0.0,4096.0,0.0
16039,-9.0,26018.0,-9.0
16041,-9.0,13406.0,-9.0
16043,-9.0,12943.0,-9.0
16045,-9.0,17184.0,-9.0
16047,-9.0,15185.0,-9.0
16049,-9.0,16156.0,-9.0
16051,-9.0,27839.0,-9.0
16053,-9.0,22994.0,-9.0
16055,21.0,154311.0,13.61
16057,-9.0,39196.0,-9.0
16059,0.0,7723.0,0.0
16061,-9.0,3853.0,-9.0
16063,-9.0,5271.0,-9.0
16065,0.0,39048.0,0.0
16067,-9.0,20616.0,-9.0
16069,-9.0,40369.0,-9.0
16071,0.0,4343.0,0.0
16073,0.0,11389.0,0.0
16075,-9.0,23026.0,-9.0
16077,-9.0,7654.0,-9.0
16079,-9.0,12452.0,-9.0
16081,0.0,10960.0,0.0
16083,17.0,83514.0,20.36
16085,-9.0,10496.0,-9.0
16087,0.0,10172.0,0.0
17001,10.0,66578.0,15.02
17003,-9.0,6478.0,-9.0
17005,-9.0,16824.0,-9.0
17007,-9.0,53503.0,-9.0
17009,-9.0,6762.0,-9.0
17011,-9.0,33359.0,-9.0
17013,-9.0,4894.0,-9.0
17015,-9.0,14539.0,-9.0
17017,0.0,12676.0,0.0
17019,23.0,208419.0,11.04
17021,-9.0,33309.0,-9.0
17023,-9.0,15938.0,-9.0
17025,-9.0,13300.0,-9.0
17027,-9.0,37729.0,-9.0
17029,-9.0,52343.0,-9.0
17031,1114.0,5203499.0,21.41
17033,-9.0,19308.0,-9.0
17035,-9.0,10858.0,-9.0
17037,17.0,104528.0,16.26
17039,-9.0,16226.0,-9.0
17041,-9.0,19630.0,-9.0
17043,133.0,929368.0,14.31
17045,-9.0,17566.0,-9.0
17047,-9.0,6523.0,-9.0
17049,-9.0,34386.0,-9.0
17051,-9.0,21789.0,-9.0
17053,0.0,13575.0,0.0
17055,13.0,39156.0,33.2
17057,-9.0,35536.0,-9.0
17059,-9.0,5212.0,-9.0
17061,-9.0,13093.0,-9.0
17063,14.0,50437.0,27.76
17065,-9.0,8061.0,-9.0
17067,0.0,18508.0,0.0
17069,-9.0,4024.0,-9.0
17071,0.0,6869.0,0.0
17073,-9.0,49280.0,-9.0
17075,-9.0,28334.0,-9.0
17077,12.0,58870.0,20.38
17079,-9.0,9536.0,-9.0
17081,-9.0,38460.0,-9.0
17083,-9.0,22025.0,-9.0
17085,-9.0,21770.0,-9.0
17087,-9.0,12902.0,-9.0
17089,63.0,531715.0,11.85
17091,18.0,110008.0,16.36
17093,26.0,124695.0,20.85
17095,-9.0,50938.0,-9.0
17097,91.0,703047.0,12.94
17099,19.0,110642.0,17.17
17101,-9.0,16377.0,-9.0
17103,-9.0,34251.0,-9.0
17105,10.0,36526.0,27.38
17107,-9.0,29527.0,-9.0
17109,-9.0,30996.0,-9.0
17111,56.0,307004.0,18.24
17113,23.0,172418.0,13.34
17115,19.0,106550.0,17.83
17117,10.0,45908.0,21.78
17119,72.0,265759.0,27.09
17121,11.0,38140.0,28.84
17123,-9.0,11939.0,-9.0
17125,0.0,13507.0,0.0
17127,-9.0,14658.0,-9.0
17129,-9.0,12516.0,-9.0
17131,-9.0,15730.0,-9.0
17133,-9.0,34068.0,-9.0
17135,-9.0,28952.0,-9.0
17137,-9.0,34277.0,-9.0
17139,0.0,14827.0,0.0
17141,13.0,51273.0,25.35
17143,34.0,185006.0,18.38
17145,-9.0,21357.0,-9.0
17147,-9.0,16560.0,-9.0
17149,-9.0,15950.0,-9.0
17151,0.0,4157.0,0.0
17153,0.0,5619.0,0.0
17155,-9.0,5611.0,-9.0
17157,-9.0,32621.0,-9.0
17159,0.0,15930.0,0.0
17161,17.0,144784.0,11.74
17163,41.0,262759.0,15.6
17165,-9.0,24307.0,-9.0
17167,33.0,197499.0,16.71
17169,0.0,6923.0,0.0
17171,-9.0,5053.0,-9.0
17173,-9.0,21717.0,-9.0
17175,-9.0,5776.0,-9.0
17177,-9.0,45624.0,-9.0
17179,24.0,134385.0,17.86
17181,-9.0,17212.0,-9.0
17183,23.0,78111.0,29.45
17185,-9.0,11492.0,-9.0
17187,0.0,17378.0,0.0
17189,-9.0,14154.0,-9.0
17191,-9.0,16396.0,-9.0
17193,0.0,14292.0,0.0
17195,-9.0,56536.0,-9.0
17197,131.0,689529.0,19.0
17199,15.0,67560.0,22.2
17201,109.0,285873.0,38.13
17203,-9.0,39140.0,-9.0
18001,-9.0,35232.0,-9.0
18003,74.0,370404.0,19.98
18005,14.0,81402.0,17.2
18007,-9.0,8650.0,-9.0
18009,-9.0,12149.0,-9.0
18011,21.0,64653.0,32.48
18013,-9.0,14912.0,-9.0
18015,-9.0,19970.0,-9.0
18017,-9.0,37946.0,-9.0
18019,43.0,116031.0,37.06
18021,-9.0,26309.0,-9.0
18023,-9.0,32457.0,-9.0
18025,-9.0,10539.0,-9.0
18027,-9.0,32969.0,-9.0
18029,17.0,49331.0,34.46
18031,-9.0,26598.0,-9.0
18033,-9.0,42746.0,-9.0
18035,38.0,115603.0,32.87
18037,-9.0,42552.0,-9.0
18039,23.0,203781.0,11.29
18041,16.0,23331.0,68.58
18043,24.0,76990.0,31.17
18045,-9.0,16486.0,-9.0
18047,-9.0,22715.0,-9.0
18049,-9.0,20139.0,-9.0
18051,0.0,33703.0,0.0
18053,19.0,66937.0,28.38
18055,-9.0,32211.0,-9.0
18057,37.0,316373.0,11.7
18059,12.0,73717.0,16.28
18061,15.0,39826.0,37.66
18063,29.0,160610.0,18.06
18065,-9.0,48521.0,-9.0
18067,16.0,82568.0,19.38
18069,-9.0,36400.0,-9.0
18071,11.0,44013.0,24.99
18073,-9.0,33433.0,-9.0
18075,-9.0,21046.0,-9.0
18077,-9.0,32418.0,-9.0
18079,-9.0,27758.0,-9.0
18081,37.0,151982.0,24.34
18083,-9.0,37744.0,-9.0
18085,11.0,79092.0,13.91
18087,-9.0,39110.0,-9.0
18089,108.0,485846.0,22.23
18091,28.0,110015.0,25.45
18093,-9.0,45518.0,-9.0
18095,39.0,129296.0,30.16
18097,321.0,941229.0,34.1
18099,-9.0,46556.0,-9.0
18101,0.0,10171.0,0.0
18103,-9.0,35883.0,-9.0
18105,26.0,145496.0,17.87
18107,-9.0,38074.0,-9.0
18109,20.0,69698.0,28.7
18111,-9.0,13924.0,-9.0
18113,-9.0,47638.0,-9.0
18115,-9.0,5932.0,-9.0
18117,-9.0,19335.0,-9.0
18119,-9.0,20840.0,-9.0
18121,-9.0,16800.0,-9.0
18123,-9.0,18966.0,-9.0
18125,-9.0,12431.0,-9.0
18127,48.0,167791.0,28.61
18129,-9.0,25476.0,-9.0
18131,-9.0,12660.0,-9.0
18133,-9.0,37436.0,-9.0
18135,11.0,25082.0,43.86
18137,-9.0,28846.0,-9.0
18139,-9.0,16649.0,-9.0
18141,59.0,269141.0,21.92
18143,21.0,23730.0,88.5
18145,-9.0,44324.0,-9.0
18147,-9.0,20648.0,-9.0
18149,-9.0,23009.0,-9.0
18151,-9.0,34116.0,-9.0
18153,-9.0,20802.0,-9.0
18155,-9.0,10527.0,-9.0
18157,32.0,188059.0,17.02
18159,-9.0,15182.0,-9.0
18161,-9.0,7212.0,-9.0
18163,48.0,181721.0,26.41
18165,-9.0,15645.0,-9.0
18167,23.0,107931.0,21.31
18169,-9.0,31762.0,-9.0
18171,-9.0,8166.0,-9.0
18173,-9.0,62498.0,-9.0
18175,-9.0,27670.0,-9.0
18177,36.0,66568.0,54.08
18179,-9.0,27949.0,-9.0
18181,-9.0,23999.0,-9.0
18183,-9.0,33449.0,-9.0
19001,0.0,7092.0,0.0
19003,-9.0,3693.0,-9.0
19005,-9.0,13884.0,-9.0
19007,-9.0,12462.0,-9.0
19009,-9.0,5678.0,-9.0
19011,-9.0,25699.0,-9.0
19013,16.0,132904.0,12.04
19015,-9.0,26532.0,-9.0
19017,-9.0,24798.0,-9.0
19019,-9.0,20992.0,-9.0
19021,-9.0,20332.0,-9.0
19023,-9.0,14791.0,-9.0
19025,-9.0,9846.0,-9.0
19027,-9.0,20437.0,-9.0
19029,0.0,13157.0,0.0
19031,-9.0,18454.0,-9.0
19033,-9.0,43070.0,-9.0
19035,0.0,11508.0,0.0
19037,0.0,12023.0,0.0
19039,0.0,9309.0,0.0
19041,0.0,16333.0,0.0
19043,0.0,17590.0,0.0
19045,-9.0,47309.0,-9.0
19047,0.0,16940.0,0.0
19049,-9.0,84516.0,-9.0
19051,0.0,8860.0,0.0
19053,-9.0,8141.0,-9.0
19055,-9.0,17327.0,-9.0
19057,-9.0,39739.0,-9.0
19059,0.0,17243.0,0.0
19061,13.0,97003.0,13.4
19063,-9.0,9658.0,-9.0
19065,-9.0,20054.0,-9.0
19067,-9.0,15873.0,-9.0
19069,-9.0,10170.0,-9.0
19071,0.0,6950.0,0.0
19073,0.0,9011.0,0.0
19075,0.0,12313.0,0.0
19077,0.0,10625.0,0.0
19079,0.0,15076.0,0.0
19081,0.0,10835.0,0.0
19083,-9.0,17226.0,-9.0
19085,-9.0,14149.0,-9.0
19087,0.0,19773.0,0.0
19089,0.0,9332.0,0.0
19091,0.0,9487.0,0.0
19093,0.0,6985.0,0.0
19095,0.0,16311.0,0.0
19097,0.0,19472.0,0.0
19099,-9.0,36708.0,-9.0
19101,-9.0,18090.0,-9.0
19103,13.0,146547.0,8.87
19105,-9.0,20439.0,-9.0
19107,0.0,10119.0,0.0
19109,0.0,15114.0,0.0
19111,-9.0,34615.0,-9.0
19113,20.0,221661.0,9.02
19115,0.0,11142.0,0.0
19117,0.0,8647.0,0.0
19119,0.0,11754.0,0.0
19121,-9.0,15848.0,-9.0
19123,-9.0,22181.0,-9.0
19125,-9.0,33189.0,-9.0
19127,-9.0,40312.0,-9.0
19129,-9.0,14972.0,-9.0
19131,0.0,10763.0,0.0
19133,0.0,8898.0,0.0
19135,0.0,7870.0,0.0
19137,-9.0,10225.0,-9.0
19139,-9.0,42940.0,-9.0
19141,0.0,14020.0,0.0
19143,-9.0,6064.0,-9.0
19145,0.0,15391.0,0.0
19147,0.0,9047.0,0.0
19149,-9.0,25200.0,-9.0
19151,-9.0,6886.0,-9.0
19153,67.0,474045.0,14.13
19155,14.0,93582.0,14.96
19157,-9.0,18533.0,-9.0
19159,0.0,5068.0,0.0
19161,0.0,9876.0,0.0
19163,29.0,172474.0,16.81
19165,-9.0,11800.0,-9.0
19167,-9.0,34898.0,-9.0
19169,-9.0,97090.0,-9.0
19171,0.0,17319.0,0.0
19173,-9.0,6216.0,-9.0
19175,-9.0,12420.0,-9.0
19177,-9.0,7271.0,-9.0
19179,-9.0,34982.0,-9.0
19181,-9.0,49691.0,-9.0
19183,-9.0,22281.0,-9.0
19185,0.0,6452.0,0.0
19187,-9.0,36769.0,-9.0
19189,0.0,10631.0,0.0
19191,-9.0,20561.0,-9.0
19193,-9.0,102779.0,-9.0
19195,-9.0,7572.0,-9.0
19197,-9.0,12779.0,-9.0
20001,0.0,12714.0,0.0
20003,0.0,7827.0,0.0
20005,-9.0,16380.0,-9.0
20007,-9.0,4688.0,-9.0
20009,-9.0,26775.0,-9.0
20011,0.0,14617.0,0.0
20013,-9.0,9684.0,-9.0
20015,-9.0,67025.0,-9.0
20017,0.0,2669.0,0.0
20019,0.0,3374.0,0.0
20021,-9.0,20246.0,-9.0
20023,0.0,2661.0,0.0
20025,0.0,2072.0,0.0
20027,-9.0,8143.0,-9.0
20029,0.0,9150.0,0.0
20031,0.0,8433.0,0.0
20033,-9.0,1862.0,-9.0
20035,-9.0,35753.0,-9.0
20037,-9.0,39164.0,-9.0
20039,0.0,2832.0,0.0
20041,-9.0,19064.0,-9.0
20043,0.0,7664.0,0.0
20045,11.0,119440.0,9.21
20047,0.0,2938.0,0.0
20049,-9.0,2547.0,-9.0
20051,-9.0,28893.0,-9.0
20053,-9.0,6328.0,-9.0
20055,-9.0,36722.0,-9.0
20057,-9.0,33971.0,-9.0
20059,-9.0,25560.0,-9.0
20061,-9.0,35586.0,-9.0
20063,0.0,2589.0,0.0
20065,0.0,2564.0,0.0
20067,0.0,7646.0,0.0
20069,0.0,6034.0,0.0
20071,0.0,1296.0,0.0
20073,-9.0,6151.0,-9.0
20075,0.0,2536.0,0.0
20077,-9.0,5685.0,-9.0
20079,-9.0,34913.0,-9.0
20081,0.0,4006.0,0.0
20083,0.0,1870.0,0.0
20085,-9.0,13291.0,-9.0
20087,-9.0,18897.0,-9.0
20089,0.0,2901.0,0.0
20091,59.0,584451.0,10.09
20093,0.0,3917.0,0.0
20095,-9.0,7467.0,-9.0
20097,0.0,2483.0,0.0
20099,-9.0,20444.0,-9.0
20101,0.0,1636.0,0.0
20103,16.0,80204.0,19.95
20105,0.0,3073.0,0.0
20107,-9.0,9558.0,-9.0
20109,0.0,2831.0,0.0
20111,-9.0,33510.0,-9.0
20113,-9.0,28804.0,-9.0
20115,0.0,12112.0,0.0
20117,0.0,9836.0,0.0
20119,-9.0,4216.0,-9.0
20121,-9.0,32964.0,-9.0
20123,0.0,6243.0,0.0
20125,-9.0,32746.0,-9.0
20127,0.0,5573.0,0.0
20129,0.0,2848.0,0.0
20131,0.0,10241.0,0.0
20133,0.0,16146.0,0.0
20135,0.0,2962.0,0.0
20137,0.0,5493.0,0.0
20139,-9.0,15843.0,-9.0
20141,0.0,3642.0,0.0
20143,0.0,5920.0,0.0
20145,-9.0,6743.0,-9.0
20147,-9.0,5428.0,-9.0
20149,0.0,23661.0,0.0
20151,0.0,9584.0,0.0
20153,0.0,2549.0,0.0
20155,-9.0,63220.0,-9.0
20157,0.0,4699.0,0.0
20159,-9.0,9831.0,-9.0
20161,-9.0,73343.0,-9.0
20163,0.0,5076.0,0.0
20165,0.0,3058.0,0.0
20167,0.0,6988.0,0.0
20169,-9.0,55142.0,-9.0
20171,0.0,5032.0,0.0
20173,78.0,511995.0,15.23
20175,-9.0,22709.0,-9.0
20177,28.0,178146.0,15.72
20179,0.0,2509.0,0.0
20181,0.0,5965.0,0.0
20183,-9.0,3632.0,-9.0
20185,-9.0,4208.0,-9.0
20187,0.0,2062.0,0.0
20189,0.0,5584.0,0.0
20191,-9.0,23272.0,-9.0
20193,-9.0,7892.0,-9.0
20195,0.0,2872.0,0.0
20197,0.0,6891.0,0.0
20199,0.0,1497.0,0.0
20201,0.0,5546.0,0.0
20203,0.0,2112.0,0.0
20205,-9.0,8723.0,-9.0
20207,-9.0,3165.0,-9.0
20209,17.0,163831.0,10.38
21001,-9.0,19280.0,-9.0
21003,-9.0,20631.0,-9.0
21005,-9.0,22158.0,-9.0
21007,-9.0,8054.0,-9.0
21009,-9.0,43993.0,-9.0
21011,-9.0,12327.0,-9.0
21013,12.0,27117.0,44.25
21015,45.0,128536.0,35.01
21017,-9.0,20030.0,-9.0
21019,26.0,48132.0,54.02
21021,16.0,30018.0,53.3
21023,-9.0,8400.0,-9.0
21025,-9.0,13284.0,-9.0
21027,-9.0,19961.0,-9.0
21029,20.0,79151.0,25.27
21031,-9.0,12845.0,-9.0
21033,-9.0,12568.0,-9.0
21035,-9.0,38437.0,-9.0
21037,68.0,92211.0,73.74
21039,0.0,4855.0,0.0
21041,-9.0,10679.0,-9.0
21043,-9.0,27046.0,-9.0
21045,-9.0,15815.0,-9.0
21047,-9.0,72351.0,-9.0
21049,10.0,35819.0,27.92
21051,-9.0,20766.0,-9.0
21053,-9.0,10177.0,-9.0
21055,-9.0,9188.0,-9.0
21057,-9.0,6738.0,-9.0
21059,13.0,99674.0,13.04
21061,-9.0,12114.0,-9.0
21063,-9.0,7588.0,-9.0
21065,-9.0,14307.0,-9.0
21067,117.0,318449.0,36.74
21069,-9.0,14507.0,-9.0
21071,16.0,37110.0,43.12
21073,17.0,50560.0,33.62
21075,-9.0,6179.0,-9.0
21077,-9.0,8609.0,-9.0
21079,-9.0,17292.0,-9.0
21081,16.0,24923.0,64.2
21083,-9.0,37182.0,-9.0
21085,12.0,26184.0,45.83
21087,-9.0,11060.0,-9.0
21089,-9.0,35893.0,-9.0
21091,-9.0,8810.0,-9.0
21093,26.0,107316.0,24.23
21095,-9.0,27168.0,-9.0
21097,25.0,18646.0,134.08
21099,-9.0,18627.0,-9.0
21101,-9.0,46253.0,-9.0
21103,-9.0,15818.0,-9.0
21105,-9.0,4627.0,-9.0
21107,10.0,45904.0,21.78
21109,-9.0,13368.0,-9.0
21111,327.0,765352.0,42.73
21113,16.0,52357.0,30.56
21115,-9.0,22978.0,-9.0
21117,86.0,164945.0,52.14
21119,-9.0,15544.0,-9.0
21121,10.0,31687.0,31.56
21123,0.0,14096.0,0.0
21125,-9.0,60250.0,-9.0
21127,-9.0,15863.0,-9.0
21129,-9.0,6580.0,-9.0
21131,-9.0,10538.0,-9.0
21133,-9.0,22773.0,-9.0
21135,0.0,13442.0,0.0
21137,10.0,24372.0,41.03
21139,-9.0,9269.0,-9.0
21141,-9.0,26593.0,-9.0
21143,0.0,8069.0,0.0
21145,12.0,65162.0,18.42
21147,-9.0,17511.0,-9.0
21149,-9.0,9475.0,-9.0
21151,26.0,89547.0,29.04
21153,-9.0,12684.0,-9.0
21155,-9.0,19205.0,-9.0
21157,10.0,31365.0,31.88
21159,-9.0,12002.0,-9.0
21161,11.0,17190.0,63.99
21163,10.0,28126.0,35.55
21165,-9.0,6408.0,-9.0
21167,10.0,21477.0,46.56
21169,-9.0,10018.0,-9.0
21171,-9.0,10588.0,-9.0
21173,10.0,27771.0,36.01
21175,-9.0,13298.0,-9.0
21177,-9.0,31028.0,-9.0
21179,12.0,45559.0,26.34
21181,-9.0,7084.0,-9.0
21183,-9.0,24378.0,-9.0
21185,12.0,65560.0,18.3
21187,-9.0,10642.0,-9.0
21189,-9.0,4491.0,-9.0
21191,-9.0,14560.0,-9.0
21193,-9.0,27343.0,-9.0
21195,17.0,60555.0,28.07
21197,-9.0,12308.0,-9.0
21199,12.0,63956.0,18.76
21201,-9.0,2155.0,-9.0
21203,-9.0,16850.0,-9.0
21205,-9.0,24451.0,-9.0
21207,-9.0,17722.0,-9.0
21209,21.0,53972.0,38.91
21211,15.0,46408.0,32.32
21213,-9.0,18083.0,-9.0
21215,-9.0,18274.0,-9.0
21217,-9.0,25397.0,-9.0
21219,-9.0,12295.0,-9.0
21221,-9.0,14264.0,-9.0
21223,-9.0,8620.0,-9.0
21225,-9.0,14880.0,-9.0
21227,17.0,125532.0,13.54
21229,-9.0,12189.0,-9.0
21231,-9.0,20453.0,-9.0
21233,-9.0,13316.0,-9.0
21235,-9.0,36096.0,-9.0
21237,0.0,7159.0,0.0
21239,-9.0,26124.0,-9.0
22001,10.0,62645.0,15.96
22003,-9.0,25684.0,-9.0
22005,15.0,121587.0,12.34
22007,-9.0,22695.0,-9.0
22009,-9.0,41117.0,-9.0
22011,-9.0,36927.0,-9.0
22013,0.0,13865.0,0.0
22015,19.0,126057.0,15.07
22017,25.0,248851.0,10.05
22019,20.0,200601.0,9.97
22021,-9.0,10087.0,-9.0
22023,-9.0,6882.0,-9.0
22025,0.0,9921.0,0.0
22027,-9.0,16132.0,-9.0
22029,-9.0,19920.0,-9.0
22031,-9.0,27149.0,-9.0
22033,83.0,447037.0,18.57
22035,-9.0,7271.0,-9.0
22037,-9.0,19683.0,-9.0
22039,-9.0,33709.0,-9.0
22041,-9.0,20330.0,-9.0
22043,-9.0,22365.0,-9.0
22045,16.0,73273.0,21.84
22047,-9.0,32920.0,-9.0
22049,-9.0,15808.0,-9.0
22051,146.0,436523.0,33.45
22053,-9.0,31413.0,-9.0
22055,41.0,241398.0,16.98
22057,18.0,98305.0,18.31
22059,0.0,15052.0,0.0
22061,-9.0,47745.0,-9.0
22063,58.0,140138.0,41.39
22065,0.0,11528.0,0.0
22067,-9.0,26071.0,-9.0
22069,-9.0,39162.0,-9.0
22071,150.0,391495.0,38.31
22073,28.0,156983.0,17.84
22075,-9.0,23464.0,-9.0
22077,-9.0,22159.0,-9.0
22079,33.0,132424.0,24.92
22081,0.0,8550.0,0.0
22083,-9.0,20430.0,-9.0
22085,-9.0,23977.0,-9.0
22087,18.0,45688.0,39.4
22089,14.0,52923.0,26.45
22091,-9.0,10512.0,-9.0
22093,-9.0,21557.0,-9.0
22095,10.0,43631.0,22.92
22097,10.0,83883.0,11.92
22099,-9.0,54007.0,-9.0
22101,-9.0,52093.0,-9.0
22103,67.0,253602.0,26.42
22105,35.0,130710.0,26.78
22107,0.0,4597.0,0.0
22109,21.0,113220.0,18.55
22111,-9.0,22487.0,-9.0
22113,12.0,60205.0,19.93
22115,-9.0,50569.0,-9.0
22117,27.0,46310.0,58.3
22119,-9.0,39710.0,-9.0
22121,-9.0,25795.0,-9.0
22123,0.0,11114.0,0.0
22125,-9.0,15344.0,-9.0
22127,-9.0,14376.0,-9.0
23001,27.0,107319.0,25.16
23003,20.0,67959.0,29.43
23005,62.0,292041.0,21.23
23007,-9.0,30001.0,-9.0
23009,17.0,54419.0,31.24
23011,33.0,120569.0,27.37
23013,-9.0,39744.0,-9.0
23015,-9.0,34216.0,-9.0
23017,12.0,57217.0,20.97
23019,49.0,151806.0,32.28
23021,-9.0,16843.0,-9.0
23023,-9.0,35273.0,-9.0
23025,13.0,50915.0,25.53
23027,-9.0,39364.0,-9.0
23029,23.0,31450.0,73.13
23031,60.0,202343.0,29.65
24001,46.0,72130.0,63.77
24003,216.0,568346.0,38.01
24005,379.0,831026.0,45.61
24009,32.0,91251.0,35.07
24011,14.0,32850.0,42.62
24013,60.0,167656.0,35.79
24015,46.0,102603.0,44.83
24017,47.0,157705.0,29.8
24019,-9.0,32258.0,-9.0
24021,102.0,247591.0,41.2
24023,-9.0,29425.0,-9.0
24025,88.0,251032.0,35.06
24027,52.0,317233.0,16.39
24029,-9.0,19730.0,-9.0
24031,123.0,1043863.0,11.78
24033,134.0,908049.0,14.76
24035,14.0,48929.0,28.61
24037,24.0,112587.0,21.32
24039,11.0,25928.0,42.43
24041,10.0,37278.0,26.83
24043,63.0,150292.0,41.92
24045,36.0,102577.0,35.1
24047,22.0,51444.0,42.76
24510,508.0,614664.0,82.65
25001,88.0,214276.0,41.07
25003,36.0,126903.0,28.37
25005,262.0,558324.0,46.93
25007,-9.0,17246.0,-9.0
25009,291.0,779018.0,37.35
25011,16.0,70382.0,22.73
25013,142.0,468467.0,30.31
25015,35.0,161816.0,21.63
25017,427.0,1589774.0,26.86
25019,-9.0,11008.0,-9.0
25021,230.0,697181.0,32.99
25023,203.0,513565.0,39.53
25025,258.0,784230.0,32.9
25027,234.0,819589.0,28.55
26001,0.0,10352.0,0.0
26003,-9.0,9219.0,-9.0
26005,17.0,115548.0,14.71
26007,-9.0,28704.0,-9.0
26009,-9.0,23144.0,-9.0
26011,-9.0,15122.0,-9.0
26013,-9.0,8503.0,-9.0
26015,10.0,59702.0,16.75
26017,30.0,104747.0,28.64
26019,-9.0,17572.0,-9.0
26021,35.0,154010.0,22.73
26023,-9.0,43427.0,-9.0
26025,47.0,134386.0,34.97
26027,-9.0,51599.0,-9.0
26029,-9.0,26174.0,-9.0
26031,-9.0,25401.0,-9.0
26033,-9.0,37724.0,-9.0
26035,10.0,30358.0,32.94
26037,10.0,77888.0,12.84
26039,-9.0,13744.0,-9.0
26041,-9.0,36202.0,-9.0
26043,-9.0,25535.0,-9.0
26045,22.0,109160.0,20.15
26047,-9.0,33182.0,-9.0
26049,131.0,408615.0,32.06
26051,-9.0,25122.0,-9.0
26053,-9.0,15243.0,-9.0
26055,20.0,92084.0,21.72
26057,-9.0,41202.0,-9.0
26059,13.0,45774.0,28.4
26061,-9.0,36555.0,-9.0
26063,-9.0,31481.0,-9.0
26065,74.0,288051.0,25.69
26067,14.0,64232.0,21.8
26069,10.0,25327.0,39.48
26071,-9.0,11195.0,-9.0
26073,15.0,71282.0,21.04
26075,12.0,158460.0,7.57
26077,62.0,261654.0,23.7
26079,-9.0,17263.0,-9.0
26081,80.0,642173.0,12.46
26083,0.0,2199.0,0.0
26085,-9.0,11496.0,-9.0
26087,12.0,88340.0,13.58
26089,-9.0,21765.0,-9.0
26091,20.0,98504.0,20.3
26093,35.0,188624.0,18.56
26095,-9.0,6358.0,-9.0
26097,-9.0,10820.0,-9.0
26099,318.0,867730.0,36.65
26101,-9.0,24373.0,-9.0
26103,19.0,66435.0,28.6
26105,-9.0,28876.0,-9.0
26107,-9.0,43221.0,-9.0
26109,-9.0,23281.0,-9.0
26111,12.0,83462.0,14.38
26113,-9.0,15102.0,-9.0
26115,56.0,149208.0,37.53
26117,-9.0,62974.0,-9.0
26119,-9.0,9173.0,-9.0
26121,36.0,173408.0,20.76
26123,-9.0,47938.0,-9.0
26125,141.0,1243970.0,11.33
26127,-9.0,26027.0,-9.0
26129,-9.0,20904.0,-9.0
26131,0.0,5911.0,0.0
26133,-9.0,23110.0,-9.0
26135,0.0,8264.0,0.0
26137,-9.0,24470.0,-9.0
26139,39.0,282250.0,13.82
26141,0.0,12762.0,0.0
26143,-9.0,23700.0,-9.0
26145,39.0,192326.0,20.28
26147,74.0,159587.0,46.37
26149,-9.0,60853.0,-9.0
26151,-9.0,41409.0,-9.0
26153,-9.0,8001.0,-9.0
26155,-9.0,68554.0,-9.0
26157,-9.0,53338.0,-9.0
26159,-9.0,75223.0,-9.0
26161,71.0,364709.0,19.47
26163,674.0,1749366.0,38.53
26165,-9.0,33163.0,-9.0
27001,-9.0,15583.0,-9.0
27003,36.0,345957.0,10.41
27005,-9.0,33734.0,-9.0
27007,-9.0,46106.0,-9.0
27009,-9.0,39992.0,-9.0
27011,-9.0,5050.0,-9.0
27013,-9.0,66441.0,-9.0
27015,-9.0,25331.0,-9.0
27017,-9.0,35738.0,-9.0
27019,-9.0,100262.0,-9.0
27021,-9.0,28993.0,-9.0
27023,0.0,12133.0,0.0
27025,-9.0,54748.0,-9.0
27027,-9.0,62875.0,-9.0
27029,-9.0,8827.0,-9.0
27031,0.0,5286.0,0.0
27033,0.0,11470.0,0.0
27035,12.0,63940.0,18.77
27037,42.0,417486.0,10.06
27039,-9.0,20506.0,-9.0
27041,-9.0,37456.0,-9.0
27043,0.0,13935.0,0.0
27045,-9.0,21003.0,-9.0
27047,-9.0,30446.0,-9.0
27049,-9.0,46676.0,-9.0
27051,0.0,5956.0,0.0
27053,201.0,1232483.0,16.31
27055,-9.0,18814.0,-9.0
27057,-9.0,20718.0,-9.0
27059,-9.0,39025.0,-9.0
27061,-9.0,45242.0,-9.0
27063,-9.0,9944.0,-9.0
27065,0.0,15830.0,0.0
27067,-9.0,42495.0,-9.0
27069,-9.0,4333.0,-9.0
27071,-9.0,12628.0,-9.0
27073,-9.0,6715.0,-9.0
27075,0.0,10625.0,0.0
27077,0.0,3814.0,0.0
27079,-9.0,27591.0,-9.0
27081,0.0,5783.0,0.0
27083,-9.0,25699.0,-9.0
27085,0.0,35842.0,0.0
27087,-9.0,5465.0,-9.0
27089,0.0,9324.0,0.0
27091,0.0,19829.0,0.0
27093,-9.0,23110.0,-9.0
27095,-9.0,25866.0,-9.0
27097,-9.0,32821.0,-9.0
27099,-9.0,39163.0,-9.0
27101,0.0,8329.0,0.0
27103,0.0,33575.0,0.0
27105,-9.0,21848.0,-9.0
27107,-9.0,6579.0,-9.0
27109,17.0,153102.0,11.1
27111,-9.0,58085.0,-9.0
27113,-9.0,14235.0,-9.0
27115,-9.0,28874.0,-9.0
27117,0.0,9202.0,0.0
27119,-9.0,31660.0,-9.0
27121,-9.0,11049.0,-9.0
27123,90.0,540649.0,16.65
27125,0.0,4007.0,0.0
27127,-9.0,15263.0,-9.0
27129,0.0,14660.0,0.0
27131,-9.0,65622.0,-9.0
27133,-9.0,9564.0,-9.0
27135,0.0,15626.0,0.0
27137,38.0,199980.0,19.0
27139,14.0,143680.0,9.74
27141,11.0,93528.0,11.76
27143,-9.0,14827.0,-9.0
27145,20.0,155652.0,12.85
27147,-9.0,36805.0,-9.0
27149,-9.0,9693.0,-9.0
27151,-9.0,9419.0,-9.0
27153,0.0,24233.0,0.0
27155,0.0,3356.0,0.0
27157,-9.0,21273.0,-9.0
27159,-9.0,13761.0,-9.0
27161,-9.0,18911.0,-9.0
27163,25.0,253117.0,9.88
27165,0.0,10908.0,0.0
27167,0.0,6358.0,0.0
27169,-9.0,50948.0,-9.0
27171,-9.0,132550.0,-9.0
27173,-9.0,9935.0,-9.0
28001,-9.0,31248.0,-9.0
28003,-9.0,37304.0,-9.0
28005,-9.0,12458.0,-9.0
28007,-9.0,18934.0,-9.0
28009,0.0,8264.0,0.0
28011,-9.0,32737.0,-9.0
28013,0.0,14610.0,0.0
28015,0.0,10255.0,0.0
28017,-9.0,17246.0,-9.0
28019,-9.0,8242.0,-9.0
28021,0.0,9139.0,0.0
28023,-9.0,15888.0,-9.0
28025,-9.0,19850.0,-9.0
28027,-9.0,23809.0,-9.0
28029,-9.0,28482.0,-9.0
28031,-9.0,19569.0,-9.0
28033,38.0,175611.0,21.64
28035,-9.0,75979.0,-9.0
28037,-9.0,7782.0,-9.0
28039,-9.0,23695.0,-9.0
28041,-9.0,13408.0,-9.0
28043,-9.0,21275.0,-9.0
28045,15.0,46791.0,32.06
28047,33.0,203234.0,16.24
28049,18.0,241229.0,7.46
28051,0.0,17999.0,0.0
28053,0.0,8513.0,0.0
28055,0.0,1294.0,0.0
28057,-9.0,23529.0,-9.0
28059,27.0,141241.0,19.12
28061,-9.0,16578.0,-9.0
28063,0.0,7297.0,0.0
28065,-9.0,11385.0,-9.0
28067,-9.0,67953.0,-9.0
28069,0.0,9896.0,0.0
28071,0.0,53796.0,0.0
28073,-9.0,60914.0,-9.0
28075,-9.0,77755.0,-9.0
28077,-9.0,12749.0,-9.0
28079,-9.0,22620.0,-9.0
28081,11.0,85381.0,12.88
28083,-9.0,29856.0,-9.0
28085,-9.0,34523.0,-9.0
28087,-9.0,59602.0,-9.0
28089,-9.0,105114.0,-9.0
28091,-9.0,25251.0,-9.0
28093,-9.0,35801.0,-9.0
28095,-9.0,35873.0,-9.0
28097,-9.0,10187.0,-9.0
28099,-9.0,29403.0,-9.0
28101,-9.0,21558.0,-9.0
28103,-9.0,11038.0,-9.0
28105,-9.0,49833.0,-9.0
28107,-9.0,34164.0,-9.0
28109,12.0,55310.0,21.7
28111,-9.0,12245.0,-9.0
28113,-9.0,39667.0,-9.0
28115,-9.0,31550.0,-9.0
28117,-9.0,25256.0,-9.0
28119,0.0,7349.0,0.0
28121,32.0,150228.0,21.3
28123,-9.0,28207.0,-9.0
28125,0.0,4552.0,0.0
28127,-9.0,26912.0,-9.0
28129,-9.0,15909.0,-9.0
28131,-9.0,18012.0,-9.0
28133,-9.0,26407.0,-9.0
28135,-9.0,14394.0,-9.0
28137,-9.0,28201.0,-9.0
28139,-9.0,22190.0,-9.0
28141,-9.0,19491.0,-9.0
28143,0.0,10234.0,0.0
28145,-9.0,28311.0,-9.0
28147,0.0,14599.0,0.0
28149,-9.0,47140.0,-9.0
28151,-9.0,47231.0,-9.0
28153,-9.0,20480.0,-9.0
28155,-9.0,9767.0,-9.0
28157,0.0,9047.0,0.0
28159,-9.0,18160.0,-9.0
28161,0.0,12471.0,0.0
28163,-9.0,27264.0,-9.0
29001,-9.0,25359.0,-9.0
29003,-9.0,17350.0,-9.0
29005,-9.0,5293.0,-9.0
29007,-9.0,26021.0,-9.0
29009,-9.0,35732.0,-9.0
29011,-9.0,11908.0,-9.0
29013,-9.0,16417.0,-9.0
29015,-9.0,18839.0,-9.0
29017,0.0,12052.0,0.0
29019,19.0,176594.0,10.76
29021,10.0,88938.0,11.24
29023,-9.0,42739.0,-9.0
29025,-9.0,9062.0,-9.0
29027,-9.0,45078.0,-9.0
29029,10.0,44497.0,22.47
29031,16.0,78913.0,20.28
29033,-9.0,8913.0,-9.0
29035,-9.0,6168.0,-9.0
29037,13.0,102845.0,12.64
29039,-9.0,14016.0,-9.0
29041,0.0,7516.0,0.0
29043,10.0,84401.0,11.85
29045,-9.0,6723.0,-9.0
29047,45.0,239085.0,18.82
29049,-9.0,20610.0,-9.0
29051,13.0,76631.0,16.96
29053,0.0,17712.0,0.0
29055,-9.0,24302.0,-9.0
29057,-9.0,7631.0,-9.0
29059,-9.0,16448.0,-9.0
29061,-9.0,8209.0,-9.0
29063,-9.0,12613.0,-9.0
29065,-9.0,15387.0,-9.0
29067,0.0,13358.0,0.0
29069,-9.0,30535.0,-9.0
29071,43.0,102838.0,41.81
29073,-9.0,14808.0,-9.0
29075,-9.0,6661.0,-9.0
29077,80.0,288690.0,27.71
29079,-9.0,10165.0,-9.0
29081,-9.0,8556.0,-9.0
29083,-9.0,21594.0,-9.0
29085,-9.0,9269.0,-9.0
29087,0.0,4448.0,0.0
29089,-9.0,10058.0,-9.0
29091,-9.0,40210.0,-9.0
29093,-9.0,10022.0,-9.0
29095,116.0,691801.0,16.77
29097,15.0,119111.0,12.59
29099,99.0,224226.0,44.15
29101,-9.0,53942.0,-9.0
29103,-9.0,3934.0,-9.0
29105,-9.0,35490.0,-9.0
29107,-9.0,32618.0,-9.0
29109,-9.0,38381.0,-9.0
29111,-9.0,10134.0,-9.0
29113,17.0,55267.0,30.76
29115,-9.0,12164.0,-9.0
29117,-9.0,15235.0,-9.0
29119,-9.0,22620.0,-9.0
29121,-9.0,15170.0,-9.0
29123,-9.0,12443.0,-9.0
29125,-9.0,8858.0,-9.0
29127,-9.0,28894.0,-9.0
29129,0.0,3699.0,0.0
29131,0.0,25206.0,0.0
29133,-9.0,13799.0,-9.0
29135,0.0,16018.0,0.0
29137,0.0,8558.0,0.0
29139,-9.0,11620.0,-9.0
29141,-9.0,20213.0,-9.0
29143,-9.0,17915.0,-9.0
29145,-9.0,58694.0,-9.0
29147,0.0,22670.0,0.0
29149,-9.0,10789.0,-9.0
29151,0.0,13664.0,0.0
29153,0.0,9237.0,0.0
29155,-9.0,17073.0,-9.0
29157,-9.0,19285.0,-9.0
29159,-9.0,42213.0,-9.0
29161,10.0,44608.0,22.42
29163,-9.0,18438.0,-9.0
29165,10.0,98309.0,10.17
29167,-9.0,31285.0,-9.0
29169,16.0,52654.0,30.39
29171,0.0,4853.0,0.0
29173,-9.0,10224.0,-9.0
29175,0.0,24989.0,0.0
29177,-9.0,22754.0,-9.0
29179,0.0,6455.0,0.0
29181,-9.0,13817.0,-9.0
29183,83.0,390918.0,21.23
29185,0.0,9272.0,0.0
29186,-9.0,18030.0,-9.0
29187,22.0,66627.0,33.02
29189,266.0,998581.0,26.64
29195,-9.0,22980.0,-9.0
29197,-9.0,4394.0,-9.0
29199,0.0,4932.0,0.0
29201,-9.0,38745.0,-9.0
29203,0.0,8168.0,0.0
29205,0.0,6082.0,0.0
29207,-9.0,29588.0,-9.0
29209,10.0,31047.0,32.21
29211,0.0,6262.0,0.0
29213,10.0,54735.0,18.27
29215,-9.0,25775.0,-9.0
29217,-9.0,20723.0,-9.0
29219,-9.0,33802.0,-9.0
29221,-9.0,24839.0,-9.0
29223,-9.0,13139.0,-9.0
29225,-9.0,38106.0,-9.0
29227,0.0,2024.0,0.0
29229,-9.0,18286.0,-9.0
29510,201.0,311404.0,64.55
30001,0.0,9401.0,0.0
30003,-9.0,13343.0,-9.0
30005,-9.0,6601.0,-9.0
30007,0.0,5747.0,0.0
30009,-9.0,10460.0,-9.0
30011,0.0,1203.0,0.0
30013,-9.0,81755.0,-9.0
30015,0.0,5759.0,0.0
30017,-9.0,11924.0,-9.0
30019,-9.0,1755.0,-9.0
30021,0.0,9327.0,0.0
30023,-9.0,9085.0,-9.0
30025,0.0,3120.0,0.0
30027,-9.0,11413.0,-9.0
30029,17.0,98082.0,17.33
30031,-9.0,104502.0,-9.0
30033,0.0,1310.0,0.0
30035,0.0,13694.0,0.0
30037,0.0,831.0,0.0
30039,-9.0,3368.0,-9.0
30041,-9.0,16542.0,-9.0
30043,0.0,11853.0,0.0
30045,0.0,1940.0,0.0
30047,-9.0,29758.0,-9.0
30049,-9.0,67282.0,-9.0
30051,0.0,2409.0,0.0
30053,-9.0,19259.0,-9.0
30055,0.0,1700.0,0.0
30057,-9.0,7924.0,-9.0
30059,0.0,1827.0,0.0
30061,-9.0,4184.0,-9.0
30063,12.0,116130.0,10.33
30065,-9.0,4589.0,-9.0
30067,-9.0,16114.0,-9.0
30069,0.0,489.0,0.0
30071,0.0,4133.0,0.0
30073,0.0,6084.0,0.0
30075,0.0,1746.0,0.0
30077,0.0,6858.0,0.0
30079,0.0,1182.0,0.0
30081,-9.0,42088.0,-9.0
30083,-9.0,11482.0,-9.0
30085,-9.0,11305.0,-9.0
30087,0.0,9287.0,0.0
30089,0.0,11534.0,0.0
30091,-9.0,3648.0,-9.0
30093,-9.0,34553.0,-9.0
30095,0.0,9406.0,0.0
30097,-9.0,3623.0,-9.0
30099,-9.0,6056.0,-9.0
30101,-9.0,4977.0,-9.0
30103,0.0,692.0,0.0
30105,0.0,7539.0,0.0
30107,0.0,2117.0,0.0
30109,-9.0,1093.0,-9.0
30111,20.0,158437.0,12.62
31001,0.0,31684.0,0.0
31003,0.0,6329.0,0.0
31005,0.0,469.0,0.0
31007,0.0,798.0,0.0
31009,0.0,484.0,0.0
31011,0.0,5332.0,0.0
31013,-9.0,11194.0,-9.0
31015,0.0,1982.0,0.0
31017,0.0,2960.0,0.0
31019,-9.0,49383.0,-9.0
31021,-9.0,6546.0,-9.0
31023,0.0,8052.0,0.0
31025,0.0,25767.0,0.0
31027,-9.0,8671.0,-9.0
31029,0.0,3937.0,0.0
31031,0.0,5832.0,0.0
31033,-9.0,10051.0,-9.0
31035,0.0,6163.0,0.0
31037,-9.0,10414.0,-9.0
31039,0.0,9016.0,0.0
31041,-9.0,10807.0,-9.0
31043,-9.0,20465.0,-9.0
31045,-9.0,8979.0,-9.0
31047,0.0,23640.0,0.0
31049,0.0,1873.0,0.0
31051,0.0,5762.0,0.0
31053,-9.0,36757.0,-9.0
31055,43.0,554995.0,7.75
31057,0.0,1831.0,0.0
31059,0.0,5720.0,0.0
31061,-9.0,3014.0,-9.0
31063,0.0,2621.0,0.0
31065,0.0,4787.0,0.0
31067,-9.0,21799.0,-9.0
31069,0.0,1930.0,0.0
31071,0.0,2011.0,0.0
31073,0.0,1971.0,0.0
31075,0.0,641.0,0.0
31077,0.0,2399.0,0.0
31079,-9.0,61705.0,-9.0
31081,0.0,9186.0,0.0
31083,0.0,3473.0,0.0
31085,0.0,897.0,0.0
31087,0.0,2825.0,0.0
31089,0.0,10250.0,0.0
31091,0.0,708.0,0.0
31093,0.0,6429.0,0.0
31095,0.0,7177.0,0.0
31097,0.0,5171.0,0.0
31099,0.0,6552.0,0.0
31101,-9.0,8018.0,-9.0
31103,0.0,791.0,0.0
31105,0.0,3679.0,0.0
31107,0.0,8571.0,0.0
31109,21.0,309637.0,6.78
31111,0.0,35550.0,0.0
31113,0.0,772.0,0.0
31115,0.0,591.0,0.0
31117,0.0,493.0,0.0
31119,-9.0,35015.0,-9.0
31121,0.0,7828.0,0.0
31123,0.0,4787.0,0.0
31125,0.0,3576.0,0.0
31127,0.0,6971.0,0.0
31129,0.0,4265.0,0.0
31131,0.0,16081.0,0.0
31133,0.0,2652.0,0.0
31135,0.0,2898.0,0.0
31137,-9.0,9266.0,-9.0
31139,0.0,7159.0,0.0
31141,-9.0,32861.0,-9.0
31143,0.0,5203.0,0.0
31145,-9.0,10722.0,-9.0
31147,0.0,8060.0,0.0
31149,0.0,1390.0,0.0
31151,-9.0,14331.0,-9.0
31153,15.0,179023.0,8.38
31155,-9.0,21038.0,-9.0
31157,-9.0,36422.0,-9.0
31159,0.0,17284.0,0.0
31161,0.0,5234.0,0.0
31163,0.0,3054.0,0.0
31165,0.0,1242.0,0.0
31167,0.0,5944.0,0.0
31169,0.0,5101.0,0.0
31171,0.0,716.0,0.0
31173,-9.0,7127.0,-9.0
31175,0.0,4184.0,0.0
31177,0.0,20603.0,0.0
31179,-9.0,9365.0,-9.0
31181,-9.0,3603.0,-9.0
31183,0.0,776.0,0.0
31185,-9.0,13794.0,-9.0
32001,-9.0,24198.0,-9.0
32003,479.0,2155664.0,22.22
32005,12.0,48020.0,24.99
32007,-9.0,52168.0,-9.0
32009,0.0,790.0,0.0
32011,0.0,1917.0,0.0
32013,-9.0,16842.0,-9.0
32015,-9.0,5702.0,-9.0
32017,-9.0,5055.0,-9.0
32019,11.0,53179.0,20.68
32021,-9.0,4449.0,-9.0
32023,16.0,43423.0,36.85
32027,-9.0,6560.0,-9.0
32029,0.0,4051.0,0.0
32031,109.0,453616.0,24.03
32033,-9.0,9682.0,-9.0
32510,14.0,54742.0,25.57
33001,19.0,60779.0,31.26
33003,16.0,47289.0,33.83
33005,21.0,75774.0,27.71
33007,-9.0,32039.0,-9.0
33009,14.0,88888.0,15.75
33011,199.0,407761.0,48.8
33013,38.0,148582.0,25.58
33015,102.0,303251.0,33.64
33017,52.0,127428.0,40.81
33019,11.0,43004.0,25.58
34001,99.0,270991.0,36.53
34003,115.0,939151.0,12.25
34005,111.0,449284.0,24.71
34007,190.0,510150.0,37.24
34009,32.0,94430.0,33.89
34011,55.0,153797.0,35.76
34013,208.0,796914.0,26.1
34015,101.0,292330.0,34.55
34017,98.0,677983.0,14.45
34019,22.0,124676.0,17.65
34021,59.0,371023.0,15.9
34023,177.0,837073.0,21.15
34025,157.0,625846.0,25.09
34027,79.0,498423.0,15.85
34029,238.0,592497.0,40.17
34031,93.0,507945.0,18.31
34033,18.0,63436.0,28.38
34035,52.0,333751.0,15.58
34037,41.0,142522.0,28.77
34039,80.0,555630.0,14.4
34041,31.0,106617.0,29.08
35001,188.0,676953.0,27.77
35003,0.0,3508.0,0.0
35005,13.0,65282.0,19.91
35006,10.0,27487.0,36.38
35007,-9.0,12253.0,-9.0
35009,11.0,50280.0,21.88
35011,0.0,1793.0,0.0
35013,27.0,214207.0,12.6
35015,-9.0,57621.0,-9.0
35017,-9.0,28280.0,-9.0
35019,-9.0,4376.0,-9.0
35021,0.0,665.0,0.0
35023,-9.0,4302.0,-9.0
35025,14.0,69749.0,20.07
35027,13.0,19429.0,66.91
35028,-9.0,18147.0,-9.0
35029,-9.0,24450.0,-9.0
35031,-9.0,74923.0,-9.0
35033,0.0,4504.0,0.0
35035,12.0,65410.0,18.35
35037,-9.0,8365.0,-9.0
35039,31.0,40040.0,77.42
35041,-9.0,19082.0,-9.0
35043,21.0,142025.0,14.79
35045,19.0,115079.0,16.51
35047,15.0,27760.0,54.03
35049,47.0,148651.0,31.62
35051,-9.0,11191.0,-9.0
35053,-9.0,17027.0,-9.0
35055,-9.0,33065.0,-9.0
35057,-9.0,15302.0,-9.0
35059,0.0,4183.0,0.0
35061,19.0,75626.0,25.12
36001,32.0,308846.0,10.36
36003,-9.0,47077.0,-9.0
36005,330.0,1455720.0,22.67
36007,75.0,195334.0,38.4
36009,20.0,77677.0,25.75
36011,17.0,77861.0,21.83
36013,35.0,129504.0,27.03
36015,22.0,86322.0,25.49
36017,-9.0,48579.0,-9.0
36019,11.0,81073.0,13.57
36021,14.0,60989.0,22.95
36023,-9.0,48070.0,-9.0
36025,12.0,45523.0,26.36
36027,65.0,294473.0,22.07
36029,300.0,921046.0,32.57
36031,-9.0,38102.0,-9.0
36033,-9.0,50409.0,-9.0
36035,-9.0,53828.0,-9.0
36037,16.0,58482.0,27.36
36039,12.0,47508.0,25.26
36041,-9.0,4542.0,-9.0
36043,-9.0,62613.0,-9.0
36045,26.0,114006.0,22.81
36047,334.0,2629150.0,12.7
36049,-9.0,26865.0,-9.0
36051,-9.0,64257.0,-9.0
36053,14.0,71329.0,19.63
36055,130.0,747727.0,17.39
36057,10.0,49276.0,20.29
36059,209.0,1361500.0,15.35
36061,270.0,1643734.0,16.43
36063,51.0,211758.0,24.08
36065,59.0,231190.0,25.52
36067,149.0,466194.0,31.96
36069,20.0,109828.0,18.21
36071,81.0,379210.0,21.36
36073,-9.0,41346.0,-9.0
36075,25.0,118987.0,21.01
36077,14.0,60097.0,23.3
36079,23.0,98900.0,23.26
36081,263.0,2333054.0,11.27
36083,12.0,160070.0,7.5
36085,129.0,476015.0,27.1
36087,44.0,326780.0,13.46
36089,17.0,110038.0,15.45
36091,13.0,227053.0,5.73
36093,34.0,154553.0,22.0
36095,-9.0,31317.0,-9.0
36097,0.0,18099.0,0.0
36099,-9.0,34777.0,-9.0
36101,18.0,96940.0,18.57
36103,380.0,1492583.0,25.46
36105,19.0,74801.0,25.4
36107,-9.0,48760.0,-9.0
36109,22.0,104871.0,20.98
36111,59.0,179225.0,32.92
36113,-9.0,64567.0,-9.0
36115,-9.0,61800.0,-9.0
36117,10.0,90798.0,11.01
36119,145.0,974542.0,14.88
36121,-9.0,40791.0,-9.0
36123,-9.0,24923.0,-9.0
37001,19.0,159688.0,11.9
37003,-9.0,37428.0,-9.0
37005,-9.0,10848.0,-9.0
37007,-9.0,25448.0,-9.0
37009,-9.0,26924.0,-9.0
37011,-9.0,17516.0,-9.0
37013,10.0,47526.0,21.04
37015,-9.0,19854.0,-9.0
37017,-9.0,33741.0,-9.0
37019,40.0,126953.0,31.51
37021,62.0,256088.0,24.21
37023,27.0,88851.0,30.39
37025,41.0,201590.0,20.34
37027,27.0,81449.0,33.15
37029,-9.0,10418.0,-9.0
37031,20.0,68890.0,29.03
37033,-9.0,22910.0,-9.0
37035,42.0,156459.0,26.84
37037,-9.0,72243.0,-9.0
37039,-9.0,27905.0,-9.0
37041,-9.0,14383.0,-9.0
37043,-9.0,10915.0,-9.0
37045,18.0,97144.0,18.53
37047,17.0,56505.0,30.09
37049,36.0,103445.0,34.8
37051,61.0,327127.0,18.65
37053,-9.0,25809.0,-9.0
37055,-9.0,35964.0,-9.0
37057,41.0,164926.0,24.86
37059,17.0,42013.0,40.46
37061,-9.0,58969.0,-9.0
37063,31.0,306212.0,10.12
37065,12.0,53318.0,22.51
37067,79.0,371511.0,21.26
37069,12.0,64705.0,18.55
37071,69.0,216965.0,31.8
37073,-9.0,11478.0,-9.0
37075,-9.0,8558.0,-9.0
37077,12.0,59031.0,20.33
37079,-9.0,21168.0,-9.0
37081,98.0,521330.0,18.8
37083,11.0,51766.0,21.25
37085,18.0,130881.0,13.75
37087,13.0,60682.0,21.42
37089,16.0,114209.0,14.01
37091,-9.0,24136.0,-9.0
37093,-9.0,53262.0,-9.0
37095,-9.0,5517.0,-9.0
37097,39.0,172916.0,22.55
37099,16.0,42241.0,37.88
37101,21.0,191450.0,10.97
37103,-9.0,9845.0,-9.0
37105,-9.0,59616.0,-9.0
37107,-9.0,57307.0,-9.0
37109,20.0,81168.0,24.64
37111,19.0,45075.0,42.15
37113,-9.0,34376.0,-9.0
37115,-9.0,21340.0,-9.0
37117,-9.0,23172.0,-9.0
37119,170.0,1054835.0,16.12
37121,-9.0,15126.0,-9.0
37123,0.0,27418.0,0.0
37125,16.0,95776.0,16.71
37127,25.0,94005.0,26.59
37129,70.0,223483.0,31.32
37131,-9.0,20000.0,-9.0
37133,43.0,187136.0,22.98
37135,18.0,141796.0,12.69
37137,-9.0,12821.0,-9.0
37139,-9.0,39864.0,-9.0
37141,19.0,59090.0,32.15
37143,-9.0,13335.0,-9.0
37145,-9.0,39284.0,-9.0
37147,27.0,177220.0,15.24
37149,-9.0,20334.0,-9.0
37151,37.0,143416.0,25.8
37153,-9.0,44939.0,-9.0
37155,20.0,133235.0,15.01
37157,25.0,91393.0,27.35
37159,43.0,139933.0,30.73
37161,17.0,66421.0,25.59
37163,13.0,63124.0,20.59
37165,-9.0,35244.0,-9.0
37167,-9.0,60791.0,-9.0
37169,16.0,46097.0,34.71
37171,16.0,72113.0,22.19
37173,-9.0,14346.0,-9.0
37175,-9.0,33482.0,-9.0
37177,-9.0,4141.0,-9.0
37179,26.0,226606.0,11.47
37181,-9.0,44244.0,-9.0
37183,131.0,1046791.0,12.51
37185,-9.0,19907.0,-9.0
37187,-9.0,12195.0,-9.0
37189,-9.0,53922.0,-9.0
37191,21.0,124150.0,16.92
37193,31.0,68740.0,45.1
37195,14.0,81661.0,17.14
37197,-9.0,37532.0,-9.0
37199,-9.0,17678.0,-9.0
38001,0.0,2305.0,0.0
38003,0.0,10926.0,0.0
38005,-9.0,6739.0,-9.0
38007,0.0,934.0,0.0
38009,-9.0,6579.0,-9.0
38011,0.0,3241.0,0.0
38013,0.0,2198.0,0.0
38015,-9.0,94487.0,-9.0
38017,26.0,175249.0,14.84
38019,0.0,3827.0,0.0
38021,-9.0,5064.0,-9.0
38023,0.0,2413.0,0.0
38025,-9.0,4366.0,-9.0
38027,0.0,2358.0,0.0
38029,-9.0,3346.0,-9.0
38031,0.0,3303.0,0.0
38033,-9.0,1817.0,-9.0
38035,-9.0,71083.0,-9.0
38037,0.0,2377.0,0.0
38039,0.0,2277.0,0.0
38041,0.0,2629.0,0.0
38043,0.0,2414.0,0.0
38045,0.0,4111.0,0.0
38047,0.0,1941.0,0.0
38049,0.0,5963.0,0.0
38051,0.0,2656.0,0.0
38053,0.0,12621.0,0.0
38055,-9.0,9729.0,-9.0
38057,0.0,8694.0,0.0
38059,-9.0,30809.0,-9.0
38061,-9.0,10242.0,-9.0
38063,-9.0,2960.0,-9.0
38065,0.0,1870.0,0.0
38067,-9.0,7069.0,-9.0
38069,-9.0,4267.0,-9.0
38071,0.0,11547.0,0.0
38073,-9.0,5404.0,-9.0
38075,-9.0,2550.0,-9.0
38077,-9.0,16353.0,-9.0
38079,-9.0,14659.0,-9.0
38081,-9.0,3890.0,-9.0
38083,0.0,1322.0,0.0
38085,0.0,4469.0,0.0
38087,0.0,763.0,0.0
38089,-9.0,31199.0,-9.0
38091,0.0,1962.0,0.0
38093,-9.0,21128.0,-9.0
38095,0.0,2263.0,0.0
38097,-9.0,8030.0,-9.0
38099,-9.0,10904.0,-9.0
38101,-9.0,70210.0,-9.0
38103,0.0,4098.0,0.0
38105,-9.0,34337.0,-9.0
39001,12.0,27907.0,43.0
39003,31.0,103742.0,29.88
39005,12.0,53652.0,22.37
39007,43.0,98231.0,43.77
39009,-9.0,66186.0,-9.0
39011,-9.0,45894.0,-9.0
39013,22.0,68673.0,32.04
39015,19.0,43759.0,43.42
39017,222.0,377537.0,58.8
39019,-9.0,27669.0,-9.0
39021,13.0,38747.0,33.55
39023,79.0,134786.0,58.61
39025,102.0,203022.0,50.24
39027,13.0,41902.0,31.02
39029,42.0,103685.0,40.51
39031,-9.0,36602.0,-9.0
39033,-9.0,42083.0,-9.0
39035,569.0,1249352.0,45.54
39037,21.0,51778.0,40.56
39039,-9.0,38158.0,-9.0
39041,13.0,196463.0,6.62
39043,37.0,75107.0,49.26
39045,29.0,152597.0,19.0
39047,-9.0,28676.0,-9.0
39049,339.0,1264518.0,26.81
39051,11.0,42514.0,25.87
39053,11.0,30015.0,36.65
39055,25.0,94060.0,26.58
39057,49.0,164765.0,29.74
39059,14.0,39063.0,35.84
39061,333.0,809099.0,41.16
39063,20.0,75872.0,26.36
39065,-9.0,31474.0,-9.0
39067,-9.0,15307.0,-9.0
39069,-9.0,27629.0,-9.0
39071,19.0,43029.0,44.16
39073,-9.0,28340.0,-9.0
39075,-9.0,43936.0,-9.0
39077,18.0,58439.0,30.8
39079,-9.0,32505.0,-9.0
39081,15.0,66704.0,22.49
39083,12.0,60814.0,19.73
39085,101.0,228614.0,44.18
39087,28.0,60872.0,46.0
39089,20.0,172198.0,11.61
39091,16.0,45165.0,35.43
39093,150.0,306365.0,48.96
39095,168.0,432488.0,38.85
39097,18.0,43419.0,41.46
39099,89.0,230008.0,38.69
39101,27.0,65096.0,41.48
39103,46.0,177221.0,25.96
39105,-9.0,23125.0,-9.0
39107,-9.0,40909.0,-9.0
39109,40.0,104679.0,38.21
39111,-9.0,14210.0,-9.0
39113,327.0,531239.0,61.55
39115,-9.0,14804.0,-9.0
39117,-9.0,35036.0,-9.0
39119,10.0,86068.0,11.62
39121,-9.0,14294.0,-9.0
39123,15.0,40636.0,36.91
39125,0.0,18865.0,0.0
39127,-9.0,35927.0,-9.0
39129,-9.0,57565.0,-9.0
39131,-9.0,28160.0,-9.0
39133,49.0,161921.0,30.26
39135,22.0,41247.0,53.34
39137,-9.0,34056.0,-9.0
39139,72.0,121107.0,59.45
39141,43.0,77000.0,55.84
39143,22.0,59330.0,37.08
39145,36.0,76088.0,47.31
39147,-9.0,55353.0,-9.0
39149,15.0,48623.0,30.85
39151,110.0,373612.0,29.44
39153,316.0,540300.0,58.49
39155,117.0,201825.0,57.97
39157,15.0,92420.0,16.23
39159,-9.0,55457.0,-9.0
39161,-9.0,28362.0,-9.0
39163,-9.0,12921.0,-9.0
39165,61.0,227063.0,26.86
39167,24.0,60610.0,39.6
39169,40.0,116470.0,34.34
39171,10.0,37017.0,27.01
39173,22.0,130219.0,16.89
39175,-9.0,22118.0,-9.0
40001,-9.0,22098.0,-9.0
40003,-9.0,5827.0,-9.0
40005,-9.0,13810.0,-9.0
40007,0.0,5382.0,0.0
40009,-9.0,22519.0,-9.0
40011,-9.0,9643.0,-9.0
40013,15.0,45573.0,32.91
40015,11.0,29557.0,37.22
40017,17.0,136532.0,12.45
40019,11.0,48556.0,22.65
40021,15.0,48700.0,30.8
40023,-9.0,14885.0,-9.0
40025,0.0,2162.0,0.0
40027,48.0,278655.0,17.23
40029,-9.0,5651.0,-9.0
40031,22.0,122136.0,18.01
40033,-9.0,5941.0,-9.0
40035,-9.0,14625.0,-9.0
40037,16.0,71312.0,22.44
40039,-9.0,29293.0,-9.0
40041,11.0,41598.0,26.44
40043,-9.0,4819.0,-9.0
40045,-9.0,4080.0,-9.0
40047,-9.0,62603.0,-9.0
40049,11.0,27838.0,39.51
40051,13.0,54655.0,23.79
40053,0.0,4465.0,0.0
40055,-9.0,5998.0,-9.0
40057,0.0,2704.0,0.0
40059,0.0,3717.0,0.0
40061,-9.0,12747.0,-9.0
40063,0.0,13566.0,0.0
40065,-9.0,25497.0,-9.0
40067,-9.0,6230.0,-9.0
40069,-9.0,11087.0,-9.0
40071,-9.0,44943.0,-9.0
40073,-9.0,15638.0,-9.0
40075,-9.0,9077.0,-9.0
40077,-9.0,10414.0,-9.0
40079,14.0,49873.0,28.07
40081,10.0,35129.0,28.47
40083,-9.0,46588.0,-9.0
40085,-9.0,9997.0,-9.0
40087,-9.0,38682.0,-9.0
40089,11.0,32822.0,33.51
40091,-9.0,19815.0,-9.0
40093,0.0,7772.0,0.0
40095,-9.0,16191.0,-9.0
40097,-9.0,40920.0,-9.0
40099,-9.0,13918.0,-9.0
40101,24.0,69477.0,34.54
40103,-9.0,11384.0,-9.0
40105,-9.0,10419.0,-9.0
40107,-9.0,12167.0,-9.0
40109,170.0,782970.0,21.71
40111,11.0,39213.0,28.05
40113,-9.0,47806.0,-9.0
40115,-9.0,31691.0,-9.0
40117,-9.0,16485.0,-9.0
40119,12.0,81131.0,14.79
40121,-9.0,44173.0,-9.0
40123,-9.0,38330.0,-9.0
40125,19.0,72290.0,26.28
40127,-9.0,11057.0,-9.0
40129,-9.0,3640.0,-9.0
40131,10.0,91766.0,10.9
40133,-9.0,25207.0,-9.0
40135,16.0,41294.0,38.75
40137,-9.0,44090.0,-9.0
40139,-9.0,21098.0,-9.0
40141,0.0,7465.0,0.0
40143,131.0,642940.0,20.38
40145,10.0,77679.0,12.87
40147,-9.0,52087.0,-9.0
40149,-9.0,11447.0,-9.0
40151,-9.0,9201.0,-9.0
40153,-9.0,20814.0,-9.0
41001,-9.0,16059.0,-9.0
41003,-9.0,89385.0,-9.0
41005,40.0,408062.0,9.8
41007,-9.0,38632.0,-9.0
41009,-9.0,50785.0,-9.0
41011,-9.0,63761.0,-9.0
41013,-9.0,22570.0,-9.0
41015,-9.0,22713.0,-9.0
41017,26.0,181307.0,14.34
41019,12.0,108457.0,11.06
41021,0.0,1854.0,0.0
41023,-9.0,7158.0,-9.0
41025,-9.0,7292.0,-9.0
41027,-9.0,23232.0,-9.0
41029,29.0,216527.0,13.39
41031,-9.0,23080.0,-9.0
41033,-9.0,85904.0,-9.0
41035,-9.0,66443.0,-9.0
41037,-9.0,7837.0,-9.0
41039,72.0,369519.0,19.48
41041,-9.0,47806.0,-9.0
41043,15.0,122849.0,12.21
41045,-9.0,30439.0,-9.0
41047,41.0,336316.0,12.19
41049,0.0,11274.0,0.0
41051,126.0,799766.0,15.75
41053,-9.0,81823.0,-9.0
41055,0.0,1710.0,0.0
41057,-9.0,26143.0,-9.0
41059,-9.0,76456.0,-9.0
41061,-9.0,26087.0,-9.0
41063,0.0,6946.0,0.0
41065,-9.0,26115.0,-9.0
41067,56.0,582779.0,9.61
41069,0.0,1344.0,0.0
41071,-9.0,105035.0,-9.0
42001,24.0,102180.0,23.49
42003,633.0,1225365.0,51.66
42005,47.0,66486.0,70.69
42007,113.0,167429.0,67.49
42009,-9.0,48325.0,-9.0
42011,103.0,414812.0,24.83
42013,41.0,124650.0,32.89
42015,12.0,60770.0,19.75
42017,204.0,626399.0,32.57
42019,83.0,186847.0,44.42
42021,99.0,134732.0,73.48
42023,0.0,4677.0,0.0
42025,22.0,63594.0,34.59
42027,17.0,161464.0,10.53
42029,118.0,516312.0,22.85
42031,-9.0,38513.0,-9.0
42033,13.0,80596.0,16.13
42035,14.0,39233.0,35.68
42037,15.0,66420.0,22.58
42039,40.0,86257.0,46.37
42041,62.0,248506.0,24.95
42043,81.0,273707.0,29.59
42045,236.0,563402.0,41.89
42047,-9.0,30480.0,-9.0
42049,84.0,276207.0,30.41
42051,76.0,132733.0,57.26
42053,0.0,7321.0,0.0
42055,38.0,153851.0,24.7
42057,11.0,14640.0,75.14
42059,24.0,37197.0,64.52
42061,12.0,45634.0,26.3
42063,47.0,86364.0,54.42
42065,-9.0,44073.0,-9.0
42067,-9.0,24863.0,-9.0
42069,77.0,211321.0,36.44
42071,120.0,538500.0,22.28
42073,41.0,87294.0,46.97
42075,14.0,138863.0,10.08
42077,98.0,363147.0,26.99
42079,129.0,316383.0,40.77
42081,30.0,115248.0,26.03
42083,-9.0,41883.0,-9.0
42085,31.0,112913.0,27.45
42087,12.0,46342.0,25.89
42089,31.0,166098.0,18.66
42091,245.0,821725.0,29.82
42093,-9.0,18343.0,-9.0
42095,86.0,302294.0,28.45
42097,32.0,92541.0,34.58
42099,12.0,45820.0,26.19
42101,746.0,1567872.0,47.58
42103,16.0,55562.0,28.8
42105,-9.0,16885.0,-9.0
42107,62.0,143573.0,43.18
42109,-9.0,40468.0,-9.0
42111,28.0,75061.0,37.3
42113,-9.0,6137.0,-9.0
42115,13.0,40862.0,31.81
42117,-9.0,41467.0,-9.0
42119,-9.0,45565.0,-9.0
42121,13.0,52582.0,24.72
42123,-9.0,40025.0,-9.0
42125,109.0,207981.0,52.41
42127,16.0,50710.0,31.55
42129,208.0,355458.0,58.52
42131,-9.0,27521.0,-9.0
42133,103.0,443744.0,23.21
44001,11.0,49067.0,22.42
44003,56.0,164614.0,34.02
44005,26.0,82784.0,31.41
44007,208.0,633673.0,32.82
44009,25.0,126288.0,19.8
45001,-9.0,24872.0,-9.0
45003,34.0,167458.0,20.3
45005,0.0,9045.0,0.0
45007,36.0,196569.0,18.31
45009,0.0,14434.0,0.0
45011,-9.0,21483.0,-9.0
45013,15.0,183149.0,8.19
45015,46.0,210898.0,21.81
45017,0.0,14796.0,0.0
45019,71.0,396484.0,17.91
45021,-9.0,56646.0,-9.0
45023,0.0,32181.0,0.0
45025,-9.0,46013.0,-9.0
45027,-9.0,33951.0,-9.0
45029,-9.0,37923.0,-9.0
45031,-9.0,67234.0,-9.0
45033,-9.0,30858.0,-9.0
45035,22.0,153773.0,14.31
45037,-9.0,26358.0,-9.0
45039,-9.0,22653.0,-9.0
45041,19.0,138742.0,13.69
45043,18.0,61399.0,29.32
45045,90.0,498766.0,18.04
45047,-9.0,70133.0,-9.0
45049,-9.0,19922.0,-9.0
45051,141.0,322342.0,43.74
45053,-9.0,28465.0,-9.0
45055,-9.0,64097.0,-9.0
45057,-9.0,89594.0,-9.0
45059,13.0,66777.0,19.47
45061,-9.0,17635.0,-9.0
45063,46.0,286196.0,16.07
45065,-9.0,9643.0,-9.0
45067,-9.0,31726.0,-9.0
45069,-9.0,26945.0,-9.0
45071,-9.0,38079.0,-9.0
45073,17.0,76355.0,22.26
45075,-9.0,87903.0,-9.0
45077,31.0,122863.0,25.23
45079,58.0,409549.0,14.16
45081,-9.0,20197.0,-9.0
45083,64.0,301463.0,21.23
45085,11.0,107396.0,10.24
45087,-9.0,27673.0,-9.0
45089,-9.0,31955.0,-9.0
45091,52.0,258526.0,20.11
46003,0.0,2736.0,0.0
46005,-9.0,18101.0,-9.0
46007,0.0,3460.0,0.0
46009,-9.0,6984.0,-9.0
46011,-9.0,34135.0,-9.0
46013,-9.0,39128.0,-9.0
46015,-9.0,5238.0,-9.0
46017,-9.0,2043.0,-9.0
46019,0.0,10205.0,0.0
46021,-9.0,1378.0,-9.0
46023,-9.0,9396.0,-9.0
46025,0.0,3656.0,0.0
46027,-9.0,14086.0,-9.0
46029,0.0,28063.0,0.0
46031,-9.0,4132.0,-9.0
46033,-9.0,8596.0,-9.0
46035,-9.0,19903.0,-9.0
46037,0.0,5571.0,0.0
46039,0.0,4231.0,0.0
46041,0.0,5742.0,0.0
46043,-9.0,2932.0,-9.0
46045,0.0,3952.0,0.0
46047,-9.0,6849.0,-9.0
46049,0.0,2354.0,0.0
46051,-9.0,7148.0,-9.0
46053,-9.0,4171.0,-9.0
46055,0.0,1892.0,0.0
46057,-9.0,6028.0,-9.0
46059,0.0,3319.0,0.0
46061,0.0,3374.0,0.0
46063,0.0,1278.0,0.0
46065,-9.0,17600.0,-9.0
46067,0.0,7368.0,0.0
46069,0.0,1352.0,0.0
46071,0.0,3326.0,0.0
46073,0.0,2004.0,0.0
46075,0.0,927.0,0.0
46077,0.0,5001.0,0.0
46079,0.0,12909.0,0.0
46081,-9.0,25281.0,-9.0
46083,-9.0,54469.0,-9.0
46085,0.0,3894.0,0.0
46087,0.0,5625.0,0.0
46089,0.0,2438.0,0.0
46091,0.0,4801.0,0.0
46093,-9.0,27693.0,-9.0
46095,0.0,2102.0,0.0
46097,0.0,2281.0,0.0
46099,18.0,187318.0,9.61
46101,0.0,6505.0,0.0
46102,,,-9.0
46103,12.0,109372.0,10.97
46105,0.0,2983.0,0.0
46107,0.0,2299.0,0.0
46109,-9.0,10255.0,-9.0
46111,0.0,2396.0,0.0
46115,0.0,6420.0,0.0
46117,0.0,2993.0,0.0
46119,0.0,1421.0,0.0
46121,0.0,10155.0,0.0
46123,-9.0,5492.0,-9.0
46125,0.0,8317.0,0.0
46127,-9.0,14934.0,-9.0
46129,-9.0,5610.0,-9.0
46135,-9.0,22616.0,-9.0
46137,0.0,2801.0,0.0
47001,31.0,75936.0,40.82
47003,-9.0,47484.0,-9.0
47005,-9.0,16014.0,-9.0
47007,-9.0,14675.0,-9.0
47009,35.0,128670.0,27.2
47011,16.0,104490.0,15.31
47013,12.0,39714.0,30.22
47015,-9.0,14027.0,-9.0
47017,-9.0,28092.0,-9.0
47019,19.0,56502.0,33.63
47021,15.0,39880.0,37.61
47023,-9.0,17453.0,-9.0
47025,20.0,31757.0,62.98
47027,-9.0,7752.0,-9.0
47029,-9.0,35219.0,-9.0
47031,17.0,54682.0,31.09
47033,0.0,14411.0,0.0
47035,-9.0,58655.0,-9.0
47037,227.0,684410.0,33.17
47039,-9.0,11769.0,-9.0
47041,-9.0,19361.0,-9.0
47043,21.0,52170.0,40.25
47045,-9.0,37708.0,-9.0
47047,-9.0,39590.0,-9.0
47049,-9.0,18033.0,-9.0
47051,-9.0,41700.0,-9.0
47053,11.0,49401.0,22.27
47055,-9.0,29307.0,-9.0
47057,-9.0,23072.0,-9.0
47059,16.0,68615.0,23.32
47061,-9.0,13389.0,-9.0
47063,22.0,63785.0,34.49
47065,69.0,357738.0,19.29
47067,-9.0,6577.0,-9.0
47069,-9.0,25435.0,-9.0
47071,-9.0,25679.0,-9.0
47073,21.0,56563.0,37.13
47075,-9.0,17853.0,-9.0
47077,-9.0,27822.0,-9.0
47079,-9.0,32310.0,-9.0
47081,-9.0,24295.0,-9.0
47083,-9.0,8134.0,-9.0
47085,-9.0,18347.0,-9.0
47087,-9.0,11566.0,-9.0
47089,-9.0,53535.0,-9.0
47091,-9.0,17754.0,-9.0
47093,174.0,456132.0,38.15
47095,0.0,7560.0,0.0
47097,-9.0,26773.0,-9.0
47099,-9.0,43081.0,-9.0
47101,0.0,11904.0,0.0
47103,-9.0,33645.0,-9.0
47105,14.0,51454.0,27.21
47107,13.0,52850.0,24.6
47109,-9.0,25935.0,-9.0
47111,-9.0,23450.0,-9.0
47113,13.0,97663.0,13.31
47115,-9.0,28446.0,-9.0
47117,12.0,31915.0,37.6
47119,20.0,89981.0,22.23
47121,-9.0,12005.0,-9.0
47123,21.0,45970.0,45.68
47125,29.0,195734.0,14.82
47127,0.0,6323.0,0.0
47129,-9.0,21554.0,-9.0
47131,-9.0,30578.0,-9.0
47133,-9.0,22051.0,-9.0
47135,0.0,7964.0,0.0
47137,0.0,5142.0,0.0
47139,-9.0,16772.0,-9.0
47141,13.0,75931.0,17.12
47143,-9.0,32442.0,-9.0
47145,26.0,52874.0,49.17
47147,-9.0,69165.0,-9.0
47149,56.0,308251.0,18.17
47151,-9.0,21947.0,-9.0
47153,-9.0,14897.0,-9.0
47155,25.0,96673.0,25.86
47157,198.0,934603.0,21.19
47159,11.0,19447.0,56.56
47161,-9.0,13182.0,-9.0
47163,43.0,156667.0,27.45
47165,39.0,180063.0,21.66
47167,19.0,61303.0,30.99
47169,-9.0,8271.0,-9.0
47171,-9.0,17719.0,-9.0
47173,10.0,19140.0,52.25
47175,-9.0,5689.0,-9.0
47177,10.0,40516.0,24.68
47179,37.0,127440.0,29.03
47181,-9.0,16713.0,-9.0
47183,-9.0,33507.0,-9.0
47185,11.0,26653.0,41.27
47187,26.0,219107.0,11.87
47189,34.0,132781.0,25.61
48001,-9.0,57734.0,-9.0
48003,-9.0,17760.0,-9.0
48005,13.0,87791.0,14.81
48007,-9.0,25721.0,-9.0
48009,-9.0,8703.0,-9.0
48011,0.0,1876.0,0.0
48013,-9.0,48797.0,-9.0
48015,-9.0,29758.0,-9.0
48017,0.0,7181.0,0.0
48019,-9.0,21776.0,-9.0
48021,-9.0,82733.0,-9.0
48023,0.0,3697.0,0.0
48025,-9.0,32750.0,-9.0
48027,18.0,340411.0,5.29
48029,224.0,1928680.0,11.61
48031,0.0,11392.0,0.0
48033,0.0,633.0,0.0
48035,0.0,18097.0,0.0
48037,-9.0,93860.0,-9.0
48039,34.0,354195.0,9.6
48041,11.0,220417.0,4.99
48043,-9.0,9200.0,-9.0
48045,0.0,1474.0,0.0
48047,0.0,7214.0,0.0
48049,-9.0,38271.0,-9.0
48051,-9.0,17760.0,-9.0
48053,-9.0,46243.0,-9.0
48055,-9.0,41161.0,-9.0
48057,-9.0,21965.0,-9.0
48059,-9.0,13820.0,-9.0
48061,12.0,422135.0,2.84
48063,-9.0,12867.0,-9.0
48065,-9.0,6057.0,-9.0
48067,-9.0,30375.0,-9.0
48069,0.0,7669.0,0.0
48071,-9.0,39899.0,-9.0
48073,-9.0,51668.0,-9.0
48075,-9.0,7052.0,-9.0
48077,-9.0,10193.0,-9.0
48079,-9.0,2882.0,-9.0
48081,-9.0,3264.0,-9.0
48083,0.0,8420.0,0.0
48085,85.0,939585.0,9.05
48087,0.0,3016.0,0.0
48089,-9.0,21019.0,-9.0
48091,18.0,134788.0,13.35
48093,-9.0,13484.0,-9.0
48095,0.0,4279.0,0.0
48097,-9.0,39266.0,-9.0
48099,-9.0,74686.0,-9.0
48101,0.0,1402.0,0.0
48103,-9.0,4830.0,-9.0
48105,0.0,3675.0,0.0
48107,-9.0,5992.0,-9.0
48109,0.0,2198.0,0.0
48111,0.0,7056.0,0.0
48113,320.0,2574984.0,12.43
48115,-9.0,13111.0,-9.0
48117,0.0,18830.0,0.0
48119,0.0,5215.0,0.0
48121,69.0,806180.0,8.56
48123,-9.0,20865.0,-9.0
48125,0.0,2184.0,0.0
48127,-9.0,10794.0,-9.0
48129,-9.0,3405.0,-9.0
48131,-9.0,11428.0,-9.0
48133,0.0,18274.0,0.0
48135,16.0,157462.0,10.16
48137,0.0,1911.0,0.0
48139,14.0,168499.0,8.31
48141,83.0,837918.0,9.91
48143,-9.0,41659.0,-9.0
48145,0.0,17273.0,0.0
48147,-9.0,34031.0,-9.0
48149,-9.0,25149.0,-9.0
48151,0.0,3854.0,0.0
48153,-9.0,5917.0,-9.0
48155,0.0,1183.0,0.0
48157,50.0,741237.0,6.75
48159,0.0,10607.0,0.0
48161,-9.0,19624.0,-9.0
48163,-9.0,18956.0,-9.0
48165,-9.0,20478.0,-9.0
48167,50.0,329431.0,15.18
48169,0.0,6442.0,0.0
48171,-9.0,26521.0,-9.0
48173,0.0,1314.0,0.0
48175,-9.0,7517.0,-9.0
48177,-9.0,20876.0,-9.0
48179,-9.0,22725.0,-9.0
48181,-9.0,128235.0,-9.0
48183,10.0,123745.0,8.08
48185,-9.0,27671.0,-9.0
48187,10.0,155265.0,6.44
48189,-9.0,34263.0,-9.0
48191,0.0,3138.0,0.0
48193,-9.0,8304.0,-9.0
48195,0.0,5538.0,0.0
48197,0.0,3906.0,0.0
48199,-9.0,56322.0,-9.0
48201,522.0,4589928.0,11.37
48203,-9.0,66534.0,-9.0
48205,0.0,5747.0,0.0
48207,0.0,5681.0,0.0
48209,19.0,204470.0,9.29
48211,0.0,4129.0,0.0
48213,10.0,79901.0,12.52
48215,27.0,849843.0,3.18
48217,-9.0,35077.0,-9.0
48219,-9.0,23275.0,-9.0
48221,-9.0,56857.0,-9.0
48223,-9.0,36400.0,-9.0
48225,-9.0,22754.0,-9.0
48227,-9.0,36708.0,-9.0
48229,0.0,4053.0,0.0
48231,12.0,92073.0,13.03
48233,-9.0,21511.0,-9.0
48235,0.0,1557.0,0.0
48237,-9.0,8744.0,-9.0
48239,-9.0,14869.0,-9.0
48241,-9.0,35648.0,-9.0
48243,0.0,2200.0,0.0
48245,30.0,254679.0,11.78
48247,-9.0,5146.0,-9.0
48249,-9.0,41149.0,-9.0
48251,18.0,163274.0,11.02
48253,-9.0,20009.0,-9.0
48255,-9.0,15254.0,-9.0
48257,12.0,118350.0,10.14
48259,-9.0,42540.0,-9.0
48261,0.0,404.0,0.0
48263,0.0,769.0,0.0
48265,-9.0,51504.0,-9.0
48267,0.0,4423.0,0.0
48269,0.0,289.0,0.0
48271,0.0,3590.0,0.0
48273,0.0,31690.0,0.0
48275,0.0,3806.0,0.0
48277,-9.0,49791.0,-9.0
48279,-9.0,13275.0,-9.0
48281,-9.0,20760.0,-9.0
48283,-9.0,7613.0,-9.0
48285,0.0,19809.0,0.0
48287,-9.0,17055.0,-9.0
48289,-9.0,17299.0,-9.0
48291,-9.0,81704.0,-9.0
48293,-9.0,23468.0,-9.0
48295,0.0,3487.0,0.0
48297,-9.0,12056.0,-9.0
48299,-9.0,20362.0,-9.0
48301,0.0,113.0,0.0
48303,37.0,303137.0,12.21
48305,-9.0,5711.0,-9.0
48307,0.0,8172.0,0.0
48309,20.0,247934.0,8.07
48311,0.0,804.0,0.0
48313,0.0,13987.0,0.0
48315,-9.0,10147.0,-9.0
48317,0.0,5723.0,0.0
48319,0.0,4111.0,0.0
48321,-9.0,37187.0,-9.0
48323,-9.0,57685.0,-9.0
48325,-9.0,49283.0,-9.0
48327,-9.0,2123.0,-9.0
48329,-9.0,162565.0,-9.0
48331,-9.0,24871.0,-9.0
48333,-9.0,4907.0,-9.0
48335,0.0,8720.0,0.0
48337,-9.0,19414.0,-9.0
48339,68.0,556203.0,12.23
48341,-9.0,22120.0,-9.0
48343,0.0,12593.0,0.0
48345,0.0,1160.0,0.0
48347,-9.0,65806.0,-9.0
48349,-9.0,48523.0,-9.0
48351,-9.0,14003.0,-9.0
48353,-9.0,14993.0,-9.0
48355,63.0,361350.0,17.43
48357,0.0,10306.0,0.0
48359,-9.0,2076.0,-9.0
48361,-9.0,84964.0,-9.0
48363,-9.0,28053.0,-9.0
48365,-9.0,23492.0,-9.0
48367,19.0,129441.0,14.68
48369,0.0,9776.0,0.0
48371,-9.0,15970.0,-9.0
48373,-9.0,47916.0,-9.0
48375,20.0,120832.0,16.55
48377,0.0,6958.0,0.0
48379,-9.0,11314.0,-9.0
48381,17.0,132501.0,12.83
48383,-9.0,3608.0,-9.0
48385,0.0,3389.0,0.0
48387,-9.0,12207.0,-9.0
48389,-9.0,14921.0,-9.0
48391,0.0,7321.0,0.0
48393,0.0,916.0,0.0
48395,0.0,16751.0,0.0
48397,-9.0,93978.0,-9.0
48399,0.0,10448.0,0.0
48401,-9.0,52732.0,-9.0
48403,0.0,10303.0,0.0
48405,0.0,8320.0,0.0
48407,-9.0,27707.0,-9.0
48409,-9.0,67655.0,-9.0
48411,-9.0,5944.0,-9.0
48413,0.0,3056.0,0.0
48415,-9.0,17333.0,-9.0
48417,0.0,3315.0,0.0
48419,-9.0,25579.0,-9.0
48421,0.0,3068.0,0.0
48423,18.0,225290.0,7.99
48425,0.0,8775.0,0.0
48427,-9.0,64122.0,-9.0
48429,0.0,9906.0,0.0
48431,0.0,1367.0,0.0
48433,0.0,1426.0,0.0
48435,0.0,3869.0,0.0
48437,-9.0,7466.0,-9.0
48439,218.0,2016872.0,10.81
48441,20.0,136535.0,14.65
48443,-9.0,812.0,-9.0
48445,-9.0,12799.0,-9.0
48447,0.0,1533.0,0.0
48449,0.0,32592.0,0.0
48451,17.0,118386.0,14.36
48453,147.0,1199323.0,12.26
48455,-9.0,14442.0,-9.0
48457,-9.0,21320.0,-9.0
48459,-9.0,40969.0,-9.0
48461,0.0,3673.0,0.0
48463,-9.0,27285.0,-9.0
48465,-9.0,48881.0,-9.0
48467,-9.0,54355.0,-9.0
48469,-9.0,92467.0,-9.0
48471,-9.0,71484.0,-9.0
48473,-9.0,50115.0,-9.0
48475,0.0,11600.0,0.0
48477,0.0,35056.0,0.0
48479,34.0,271193.0,12.54
48481,-9.0,41735.0,-9.0
48483,-9.0,5546.0,-9.0
48485,19.0,131838.0,14.41
48487,0.0,12892.0,0.0
48489,-9.0,21810.0,-9.0
48491,33.0,528718.0,6.24
48493,0.0,48480.0,0.0
48495,0.0,7893.0,0.0
48497,10.0,64455.0,15.51
48499,-9.0,44227.0,-9.0
48501,-9.0,8488.0,-9.0
48503,-9.0,18152.0,-9.0
48505,-9.0,14349.0,-9.0
48507,-9.0,12023.0,-9.0
49001,-9.0,6463.0,-9.0
49003,17.0,53139.0,31.99
49005,14.0,122753.0,11.41
49007,13.0,20399.0,63.73
49009,-9.0,1095.0,-9.0
49011,63.0,342281.0,18.41
49013,-9.0,20337.0,-9.0
49015,-9.0,10216.0,-9.0
49017,-9.0,4986.0,-9.0
49019,0.0,9579.0,0.0
49021,14.0,49937.0,28.04
49023,-9.0,11010.0,-9.0
49025,-9.0,7334.0,-9.0
49027,-9.0,12694.0,-9.0
49029,0.0,11437.0,0.0
49031,0.0,1466.0,0.0
49033,0.0,2319.0,0.0
49035,262.0,1121354.0,23.36
49037,-9.0,16895.0,-9.0
49039,-9.0,29409.0,-9.0
49041,-9.0,21267.0,-9.0
49043,-9.0,40307.0,-9.0
49045,-9.0,64833.0,-9.0
49047,-9.0,36373.0,-9.0
49049,104.0,592299.0,17.56
49051,-9.0,30528.0,-9.0
49053,25.0,160245.0,15.6
49055,-9.0,2702.0,-9.0
49057,63.0,247560.0,25.45
50001,-9.0,36959.0,-9.0
50003,11.0,36191.0,30.39
50005,-9.0,30333.0,-9.0
50007,29.0,161531.0,17.95
50009,0.0,6176.0,0.0
50011,-9.0,48915.0,-9.0
50013,-9.0,6919.0,-9.0
50015,-9.0,25333.0,-9.0
50017,-9.0,28919.0,-9.0
50019,-9.0,26863.0,-9.0
50021,13.0,59310.0,21.92
50023,11.0,58504.0,18.8
50025,-9.0,43145.0,-9.0
50027,16.0,55496.0,28.83
51001,-9.0,32947.0,-9.0
51003,-9.0,106878.0,-9.0
51005,-9.0,15595.0,-9.0
51007,-9.0,12913.0,-9.0
51009,-9.0,31633.0,-9.0
51011,-9.0,15475.0,-9.0
51013,26.0,230050.0,11.3
51015,-9.0,74997.0,-9.0
51017,0.0,4476.0,0.0
51019,-9.0,77960.0,-9.0
51021,-9.0,6513.0,-9.0
51023,-9.0,33231.0,-9.0
51025,-9.0,16243.0,-9.0
51027,-9.0,22178.0,-9.0
51029,0.0,17048.0,0.0
51031,-9.0,54952.0,-9.0
51033,10.0,30178.0,33.14
51035,-9.0,29531.0,-9.0
51036,-9.0,7071.0,-9.0
51037,-9.0,12129.0,-9.0
51041,75.0,339009.0,22.12
51043,-9.0,14374.0,-9.0
51045,-9.0,5158.0,-9.0
51047,12.0,50083.0,23.96
51049,-9.0,9652.0,-9.0
51051,-9.0,14968.0,-9.0
51053,-9.0,28144.0,-9.0
51057,-9.0,11123.0,-9.0
51059,108.0,1138652.0,9.48
51061,25.0,69069.0,36.2
51063,0.0,15731.0,0.0
51065,-9.0,26271.0,-9.0
51067,14.0,56069.0,24.97
51069,22.0,84421.0,26.06
51071,-9.0,16857.0,-9.0
51073,12.0,37214.0,32.25
51075,-9.0,22668.0,-9.0
51077,-9.0,15107.0,-9.0
51079,0.0,19371.0,0.0
51081,0.0,11706.0,0.0
51083,-9.0,34992.0,-9.0
51085,11.0,104392.0,10.54
51087,63.0,326501.0,19.3
51089,-9.0,51445.0,-9.0
51091,0.0,2216.0,0.0
51093,-9.0,36596.0,-9.0
51095,-9.0,74404.0,-9.0
51097,-9.0,7159.0,-9.0
51099,-9.0,25984.0,-9.0
51101,-9.0,16334.0,-9.0
51103,-9.0,10972.0,-9.0
51105,-9.0,24179.0,-9.0
51107,40.0,385945.0,10.36
51109,-9.0,35236.0,-9.0
51111,0.0,12273.0,0.0
51113,-9.0,13078.0,-9.0
51115,-9.0,8782.0,-9.0
51117,-9.0,30892.0,-9.0
51119,-9.0,10778.0,-9.0
51121,12.0,98602.0,12.17
51125,-9.0,14869.0,-9.0
51127,0.0,21147.0,0.0
51131,-9.0,12139.0,-9.0
51133,0.0,12222.0,0.0
51135,-9.0,15595.0,-9.0
51137,17.0,35533.0,47.84
51139,-9.0,23654.0,-9.0
51141,-9.0,17923.0,-9.0
51143,-9.0,61687.0,-9.0
51145,-9.0,28443.0,-9.0
51147,-9.0,23142.0,-9.0
51149,-9.0,37845.0,-9.0
51153,57.0,455210.0,12.52
51155,-9.0,34203.0,-9.0
51157,-9.0,7388.0,-9.0
51159,-9.0,8774.0,-9.0
51161,19.0,94031.0,20.21
51163,-9.0,22392.0,-9.0
51165,-9.0,79744.0,-9.0
51167,-9.0,27370.0,-9.0
51169,-9.0,21930.0,-9.0
51171,-9.0,43175.0,-9.0
51173,-9.0,31062.0,-9.0
51175,-9.0,18057.0,-9.0
51177,30.0,132010.0,22.73
51179,27.0,144361.0,18.7
51181,0.0,6544.0,0.0
51183,-9.0,11504.0,-9.0
51185,-9.0,42150.0,-9.0
51187,-9.0,39155.0,-9.0
51191,-9.0,54214.0,-9.0
51193,-9.0,17592.0,-9.0
51195,15.0,39228.0,38.24
51197,10.0,29016.0,34.46
51199,-9.0,67976.0,-9.0
51510,15.0,155810.0,9.63
51520,-9.0,16960.0,-9.0
51530,0.0,6452.0,0.0
51540,-9.0,46912.0,-9.0
51550,48.0,237940.0,20.17
51570,-9.0,17772.0,-9.0
51580,-9.0,5518.0,-9.0
51590,-9.0,41898.0,-9.0
51595,0.0,5305.0,0.0
51600,-9.0,24164.0,-9.0
51610,-9.0,14014.0,-9.0
51620,-9.0,8306.0,-9.0
51630,-9.0,28297.0,-9.0
51640,0.0,6775.0,0.0
51650,34.0,135410.0,25.11
51660,-9.0,53078.0,-9.0
51670,-9.0,22735.0,-9.0
51678,-9.0,7045.0,-9.0
51680,-9.0,80212.0,-9.0
51683,-9.0,41483.0,-9.0
51685,-9.0,15915.0,-9.0
51690,-9.0,13445.0,-9.0
51700,43.0,181825.0,23.65
51710,72.0,245115.0,29.37
51720,-9.0,3864.0,-9.0
51730,15.0,31882.0,47.05
51735,-9.0,12017.0,-9.0
51740,29.0,95252.0,30.45
51750,-9.0,17483.0,-9.0
51760,70.0,223170.0,31.37
51770,15.0,99660.0,15.05
51775,-9.0,25549.0,-9.0
51790,-9.0,24363.0,-9.0
51800,-9.0,89273.0,-9.0
51810,88.0,452602.0,19.44
51820,-9.0,21887.0,-9.0
51830,-9.0,15214.0,-9.0
51840,11.0,27516.0,39.98
53001,-9.0,19238.0,-9.0
53003,-9.0,22306.0,-9.0
53005,30.0,193686.0,15.49
53007,-9.0,76338.0,-9.0
53009,21.0,74570.0,28.16
53011,59.0,467018.0,12.63
53013,0.0,3938.0,0.0
53015,20.0,105160.0,19.02
53017,-9.0,41327.0,-9.0
53019,0.0,7614.0,0.0
53021,-9.0,90160.0,-9.0
53023,-9.0,2247.0,-9.0
53025,-9.0,93546.0,-9.0
53027,22.0,71628.0,30.71
53029,-9.0,82636.0,-9.0
53031,-9.0,31139.0,-9.0
53033,308.0,2149970.0,14.33
53035,38.0,264811.0,14.35
53037,-9.0,44866.0,-9.0
53039,-9.0,21301.0,-9.0
53041,12.0,77066.0,15.57
53043,-9.0,10350.0,-9.0
53045,11.0,62198.0,17.69
53047,-9.0,41554.0,-9.0
53049,-9.0,21249.0,-9.0
53051,-9.0,13123.0,-9.0
53053,151.0,861312.0,17.53
53055,-9.0,16339.0,-9.0
53057,24.0,123681.0,19.4
53059,-9.0,11510.0,-9.0
53061,122.0,787620.0,15.49
53063,114.0,499072.0,22.84
53065,10.0,44439.0,22.5
53067,26.0,275222.0,9.45
53069,0.0,4139.0,0.0
53071,-9.0,60340.0,-9.0
53073,14.0,216800.0,6.46
53075,-9.0,48851.0,-9.0
53077,27.0,249636.0,10.82
54001,-9.0,16831.0,-9.0
54003,88.0,113525.0,77.52
54005,-9.0,22816.0,-9.0
54007,-9.0,14471.0,-9.0
54009,11.0,22977.0,47.87
54011,97.0,95987.0,101.06
54013,0.0,7336.0,0.0
54015,-9.0,8859.0,-9.0
54017,-9.0,8413.0,-9.0
54019,15.0,44323.0,33.84
54021,0.0,8249.0,0.0
54023,-9.0,11732.0,-9.0
54025,-9.0,35279.0,-9.0
54027,16.0,23301.0,68.67
54029,13.0,29590.0,43.93
54031,-9.0,13889.0,-9.0
54033,26.0,68400.0,38.01
54035,-9.0,29152.0,-9.0
54037,34.0,56368.0,60.32
54039,114.0,186241.0,61.21
54041,-9.0,16309.0,-9.0
54043,13.0,21232.0,61.23
54045,15.0,33700.0,44.51
54047,12.0,19141.0,62.69
54049,10.0,56538.0,17.69
54051,-9.0,31793.0,-9.0
54053,15.0,26825.0,55.92
54055,44.0,60468.0,72.77
54057,13.0,27411.0,47.43
54059,23.0,24647.0,93.32
54061,31.0,104622.0,29.63
54063,-9.0,13370.0,-9.0
54065,-9.0,17632.0,-9.0
54067,15.0,25311.0,59.26
54069,11.0,42516.0,25.87
54071,-9.0,7051.0,-9.0
54073,-9.0,7591.0,-9.0
54075,-9.0,8501.0,-9.0
54077,11.0,33758.0,32.58
54079,19.0,56941.0,33.37
54081,45.0,76601.0,58.75
54083,-9.0,29006.0,-9.0
54085,-9.0,9875.0,-9.0
54087,-9.0,14208.0,-9.0
54089,-9.0,12872.0,-9.0
54091,-9.0,16859.0,-9.0
54093,-9.0,6926.0,-9.0
54095,-9.0,8972.0,-9.0
54097,-9.0,24658.0,-9.0
54099,37.0,40531.0,91.29
54101,-9.0,8646.0,-9.0
54103,-9.0,15640.0,-9.0
54105,0.0,5806.0,0.0
54107,46.0,85643.0,53.71
54109,15.0,21763.0,68.92
55001,-9.0,20069.0,-9.0
55003,-9.0,15714.0,-9.0
55005,-9.0,45412.0,-9.0
55007,0.0,14891.0,0.0
55009,34.0,260401.0,13.06
55011,-9.0,13099.0,-9.0
55013,-9.0,15213.0,-9.0
55015,-9.0,49553.0,-9.0
55017,-9.0,63649.0,-9.0
55019,-9.0,34557.0,-9.0
55021,17.0,56927.0,29.86
55023,-9.0,16321.0,-9.0
55025,105.0,531273.0,19.76
55027,26.0,88068.0,29.52
55029,0.0,27587.0,0.0
55031,-9.0,43509.0,-9.0
55033,-9.0,44704.0,-9.0
55035,10.0,102965.0,9.71
55037,0.0,4456.0,0.0
55039,14.0,102144.0,13.71
55041,-9.0,9064.0,-9.0
55043,-9.0,52214.0,-9.0
55045,-9.0,37075.0,-9.0
55047,-9.0,18719.0,-9.0
55049,-9.0,23654.0,-9.0
55051,0.0,5726.0,0.0
55053,-9.0,20562.0,-9.0
55055,10.0,84625.0,11.82
55057,-9.0,26274.0,-9.0
55059,50.0,168183.0,29.73
55061,-9.0,20405.0,-9.0
55063,24.0,118122.0,20.32
55065,-9.0,16753.0,-9.0
55067,-9.0,19221.0,-9.0
55069,-9.0,27902.0,-9.0
55071,10.0,79536.0,12.57
55073,17.0,135603.0,12.54
55075,-9.0,40491.0,-9.0
55077,-9.0,15067.0,-9.0
55078,-9.0,4533.0,-9.0
55079,328.0,951448.0,34.47
55081,-9.0,45623.0,-9.0
55083,-9.0,37430.0,-9.0
55085,-9.0,35601.0,-9.0
55087,20.0,184526.0,10.84
55089,-9.0,88314.0,-9.0
55091,0.0,7307.0,0.0
55093,-9.0,41238.0,-9.0
55095,-9.0,43481.0,-9.0
55097,-9.0,70447.0,-9.0
55099,-9.0,13517.0,-9.0
55101,28.0,195140.0,14.35
55103,-9.0,17476.0,-9.0
55105,44.0,161620.0,27.22
55107,0.0,14127.0,0.0
55109,-9.0,88029.0,-9.0
55111,15.0,63949.0,23.46
55113,-9.0,16369.0,-9.0
55115,-9.0,41062.0,-9.0
55117,24.0,115427.0,20.79
55119,0.0,20439.0,0.0
55121,-9.0,29633.0,-9.0
55123,-9.0,30814.0,-9.0
55125,-9.0,21435.0,-9.0
55127,18.0,102959.0,17.48
55129,-9.0,15648.0,-9.0
55131,24.0,134296.0,17.87
55133,63.0,398424.0,15.81
55135,-9.0,51533.0,-9.0
55137,-9.0,24162.0,-9.0
55139,24.0,169886.0,14.13
55141,14.0,73107.0,19.15
56001,-9.0,38256.0,-9.0
56003,-9.0,12005.0,-9.0
56005,-9.0,48803.0,-9.0
56007,-9.0,15618.0,-9.0
56009,-9.0,14191.0,-9.0
56011,0.0,7464.0,0.0
56013,-9.0,40242.0,-9.0
56015,0.0,13390.0,0.0
56017,0.0,4679.0,0.0
56019,-9.0,8486.0,-9.0
56021,10.0,98136.0,10.19
56023,-9.0,19110.0,-9.0
56025,17.0,81039.0,20.98
56027,0.0,2480.0,0.0
56029,-9.0,29353.0,-9.0
56031,-9.0,8680.0,-9.0
56033,-9.0,30200.0,-9.0
56035,-9.0,9769.0,-9.0
56037,13.0,44165.0,29.44
56039,-9.0,23191.0,-9.0
56041,-9.0,20773.0,-9.0
56043,-9.0,8235.0,-9.0
56045,0.0,7236.0,0.0
