FIPS,2021_True_MR,2021_Pred_MR
01001,26.73,2.1045225
01003,30.43,18.45652
01005,9.94,5.085774
01007,33.43,21.728863
01009,25.21,16.412777
01011,17.85,1.9238935
01013,33.76,14.856769
01015,48.36,21.004923
01017,14.16,11.426417
01019,28.43,21.754414
01021,30.51,7.8031354
01023,17.2,13.256667
01025,30.97,11.507953
01027,13.81,11.924899
01029,0.0,14.921588
01031,24.72,21.962254
01033,22.4,12.004403
01035,40.53,33.546574
01037,20.98,24.632183
01039,29.25,26.39622
01041,24.32,21.349138
01043,34.19,29.960413
01045,20.18,10.837615
01047,46.24,-3.2802355
01049,26.39,20.938698
01051,11.17,12.651182
01053,51.82,48.895622
01055,30.07,20.814768
01057,44.26,23.029675
01059,34.45,15.321457
01061,26.53,19.869732
01063,0.0,5.891771
01065,17.34,13.930005
01067,13.82,-7.0258994
01069,21.28,13.142137
01071,20.8,36.122852
01073,57.26,38.82361
01075,34.79,23.620598
01077,32.33,21.530962
01079,27.7,8.41487
01081,11.62,10.08252
01083,9.02,27.33459
01085,30.01,6.7554297
01087,16.85,11.374422
01089,27.26,34.82649
01091,19.09,12.910003
01093,47.56,20.855545
01095,29.17,13.82133
01097,29.17,12.820945
01099,40.93,22.817883
01101,19.0,12.626578
01103,33.81,22.68259
01105,31.88,0.6702342
01107,12.57,23.586967
01109,19.33,10.354953
01111,19.39,15.9302225
01113,25.62,24.06583
01115,44.71,42.863224
01117,27.38,21.568192
01119,0.0,13.738004
01121,14.87,24.234886
01123,15.43,6.854019
01125,18.58,23.953426
01127,69.94,45.523594
01129,30.42,25.660427
01131,34.01,19.328098
01133,41.57,14.6297655
02013,0.0,5.213322
02016,0.0,-4.256784
02020,44.58,19.894299
02050,13.4,11.56236
02060,0.0,0.00053426623
02063,24.54,-10.336034
02066,16.71,-2.7984571
02068,0.0,-3.825857
02070,0.0,1.3872747
02090,24.12,16.224077
02100,27.61,-1.9588301
02105,11.04,2.122786
02110,44.18,13.5769615
02122,28.01,22.15202
02130,0.0,3.7185917
02150,14.0,12.48472
02158,13.4,1.3685026
02164,0.0,2.3979552
02170,25.59,16.95638
02180,13.4,7.2466044
02185,13.4,-1.6663468
02188,13.4,0.41162583
02195,0.0,-1.8047109
02198,0.0,12.464849
02220,0.0,-2.5920422
02230,27.61,-3.0031683
02240,16.61,8.488342
02275,0.0,15.08393
02282,0.0,5.5944114
02290,14.81,1.6554344
04001,48.91,30.163511
04003,36.61,31.884413
04005,26.38,25.877512
04007,51.93,26.27254
04009,49.0,19.412441
04011,46.04,20.3134
04012,90.88,25.769012
04013,36.71,28.527746
04015,33.51,26.063745
04017,43.26,48.27147
04019,43.59,41.379322
04021,23.48,19.66323
04023,40.1,23.078289
04025,29.65,40.387352
04027,20.69,26.549181
05001,0.0,14.302875
05003,13.92,17.578264
05005,14.17,13.192597
05007,14.53,14.080829
05009,11.15,20.99427
05011,0.0,22.022217
05013,0.0,5.69663
05015,14.78,13.421449
05017,5.58,18.1774
05019,0.0,7.129386
05021,25.49,48.17332
05023,21.73,8.037859
05025,9.04,-0.19001868
05027,1.64,28.138935
05029,21.7,10.338773
05031,15.04,20.923267
05033,27.83,21.220959
05035,25.5,22.46452
05037,16.43,13.06125
05039,0.0,15.111419
05041,6.44,-2.723974
05043,6.9,10.255082
05045,16.45,12.200656
05047,28.25,8.84802
05049,25.03,6.544306
05051,37.97,31.45795
05053,19.19,24.83765
05055,7.52,31.199638
05057,2.88,4.640765
05059,12.67,22.737713
05061,3.86,8.8155985
05063,14.86,17.597813
05065,16.35,37.89934
05067,13.71,5.6905274
05069,23.35,15.3378935
05071,14.12,10.386841
05073,0.0,14.335125
05075,0.0,43.098495
05077,17.98,3.388855
05079,11.68,0.76258373
05081,10.03,6.7860923
05083,16.0,32.340893
05085,17.28,17.845089
05087,16.61,14.386661
05089,14.86,16.573307
05091,11.5,10.541049
05093,30.85,13.2450695
05095,3.69,9.9145565
05097,0.0,31.613152
05099,0.0,5.31022
05101,0.0,8.689374
05103,0.0,8.297209
05105,26.96,18.222528
05107,9.77,5.3786316
05109,0.0,20.987324
05111,23.8,31.576767
05113,5.11,10.895007
05115,8.96,27.662567
05117,11.07,10.06697
05119,34.57,28.29044
05121,18.81,10.302679
05123,12.72,2.2951884
05125,18.84,21.282738
05127,0.0,22.567764
05129,0.0,6.7678843
05131,28.67,27.25027
05133,5.11,-1.2185571
05135,15.86,10.096687
05137,11.83,12.708494
05139,7.75,18.54929
05141,13.77,12.700001
05143,16.79,10.210717
05145,27.01,22.422844
05147,0.0,12.617622
05149,15.94,14.158822
06001,20.32,30.412651
06003,27.3,29.416008
06005,27.53,12.181287
06007,53.54,31.625645
06009,29.81,21.777449
06011,48.13,8.966568
06013,21.87,21.846344
06015,107.08,34.97552
06017,24.92,26.121943
06019,21.97,8.943142
06021,38.82,27.246365
06023,67.4,36.681236
06025,17.35,12.636249
06027,30.21,46.402363
06029,53.6,26.76553
06031,20.26,9.6125
06033,89.45,72.08378
06035,63.54,14.230016
06037,25.1,20.448288
06039,18.72,11.447427
06041,24.61,12.312544
06043,28.18,6.8943205
06045,72.4,61.387318
06047,24.48,13.38855
06049,44.41,19.282358
06051,20.01,6.364359
06053,20.79,12.258426
06055,26.06,13.378649
06057,33.24,36.361496
06059,25.67,29.52246
06061,21.06,19.684607
06063,40.71,21.830025
06065,35.37,20.46872
06067,35.48,16.27356
06069,23.68,9.93303
06071,23.48,11.745608
06073,30.43,19.715109
06075,58.76,53.185284
06077,22.19,14.857137
06079,32.62,30.008282
06081,15.5,22.811693
06083,29.06,18.971375
06085,19.4,12.552505
06087,35.18,24.548569
06089,36.48,22.610523
06091,0.0,4.7748084
06093,52.68,22.454636
06095,29.86,19.856972
06097,24.86,28.033804
06099,32.83,25.796276
06101,38.58,24.138206
06103,44.45,26.02172
06105,54.68,34.336895
06107,21.57,14.811614
06109,36.68,24.44307
06111,29.67,21.867908
06113,20.26,15.583055
06115,46.26,17.762814
08001,37.15,22.53067
08003,46.23,45.51119
08005,27.6,25.285362
08007,39.32,13.970548
08009,0.0,-2.0632536
08011,5.82,18.245241
08013,19.24,19.869171
08014,17.08,23.644426
08015,29.23,5.7358394
08017,0.0,1.9970317
08019,33.15,29.364586
08021,75.1,38.70325
08023,53.31,8.892427
08025,22.3,35.39209
08027,0.0,1.619128
08029,31.69,37.72056
08031,41.92,50.308857
08033,0.0,3.6128054
08035,11.44,13.296507
08037,34.26,17.975918
08039,29.8,20.866205
08041,50.37,29.73391
08043,42.32,27.714863
08045,19.27,15.002562
08047,0.0,9.970948
08049,69.76,7.33316
08051,19.01,9.943662
08053,0.0,11.416293
08055,32.91,36.495884
08057,0.0,1.4624552
08059,29.68,26.339682
08061,0.0,4.7531533
08063,0.0,2.681714
08065,29.78,34.582222
08067,33.56,8.8588
08069,17.99,15.102287
08071,23.42,67.93826
08073,19.3,13.097108
08075,5.12,6.8823323
08077,24.58,20.215118
08079,0.0,11.368872
08081,20.37,11.561198
08083,24.63,10.845777
08085,38.8,25.141357
08087,19.52,8.026544
08089,23.3,48.141197
08091,0.0,3.0849657
08093,34.65,25.847563
08095,0.0,1.3852915
08097,20.95,22.779648
08099,0.0,3.8199775
08101,46.6,46.99555
08103,19.27,18.326672
08105,38.14,28.283463
08107,27.08,13.923853
08109,18.39,21.176554
08111,0.0,27.904898
08113,9.7,-0.16998962
08115,0.0,3.3193119
08117,40.32,13.683032
08119,33.45,17.632164
08121,0.0,3.0518508
08123,21.42,20.3278
08125,0.0,2.0631697
09110,41.26,65.17154
09120,37.24,4.500935
09130,32.74,28.690228
09140,40.25,25.144455
09150,40.93,30.424171
09160,46.27,37.79192
09170,37.87,25.891363
09180,32.74,38.024242
09190,34.22,27.298073
10001,50.82,33.86367
10003,56.3,40.17613
10005,50.79,47.216793
11001,67.13,63.01556
12001,22.18,15.946683
12003,53.95,20.968872
12005,33.49,28.977407
12007,35.01,40.07519
12009,28.86,62.57471
12011,33.85,26.638107
12013,31.75,9.313261
12015,28.62,33.918293
12017,46.76,32.489033
12019,31.78,30.26685
12021,29.4,31.022114
12023,26.42,34.544174
12027,30.5,23.457092
12029,33.57,22.61867
12031,51.06,26.737717
12033,74.8,38.094646
12035,33.94,14.37384
12037,34.11,17.205063
12039,29.95,10.345221
12041,30.35,19.570877
12043,32.35,30.162943
12045,33.8,15.916298
12047,30.82,14.8014965
12049,32.72,17.079193
12051,24.19,22.455366
12053,47.85,40.315388
12055,29.35,29.025192
12057,37.67,33.00845
12059,33.03,36.648495
12061,29.88,24.239073
12063,28.82,11.138085
12065,26.48,27.25792
12067,32.79,10.601048
12069,34.38,44.481335
12071,38.66,37.06571
12073,16.81,13.995585
12075,37.56,36.978817
12077,29.76,12.306433
12079,31.33,12.314623
12081,36.12,34.092594
12083,52.72,29.55597
12085,23.46,31.459692
12086,14.14,6.1809034
12087,44.06,34.673946
12089,38.82,49.60438
12091,54.05,21.28973
12093,49.49,38.689434
12095,25.88,26.257757
12097,26.98,22.103676
12099,32.66,29.351084
12101,54.86,42.879982
12103,56.15,44.816135
12105,29.97,32.35724
12107,32.12,45.76151
12109,20.53,15.897307
12111,29.83,31.530842
12113,35.31,24.611069
12115,27.9,31.207268
12117,28.82,20.460546
12119,25.52,2.0592768
12121,35.23,10.362575
12123,31.04,17.119108
12125,34.39,15.136607
12127,55.08,60.518517
12129,34.11,15.781719
12131,37.21,24.3121
12133,35.35,13.741866
13001,42.66,24.700565
13003,45.22,8.668281
13005,39.17,17.244633
13007,17.31,0.28424922
13009,32.19,14.4086275
13011,35.08,38.98839
13013,42.55,30.35059
13015,35.46,30.868858
13017,0.0,8.374826
13019,28.2,15.20769
13021,21.13,3.3232238
13023,19.21,18.89527
13025,39.3,10.009699
13027,28.78,25.089401
13029,22.81,27.644915
13031,28.5,22.183851
13033,53.5,16.908495
13035,24.95,34.13759
13037,0.0,3.2939496
13039,24.56,20.690334
13043,33.18,6.0597687
13045,39.33,33.030876
13047,36.32,32.44158
13049,41.26,35.606285
13051,29.89,25.015001
13053,11.34,13.082837
13055,30.79,17.445543
13057,19.91,16.566074
13059,28.49,12.56483
13061,0.0,22.484093
13063,19.56,14.085893
13065,42.7,13.47726
13067,23.45,21.62114
13069,21.4,8.610208
13071,29.57,18.91602
13073,25.24,18.761091
13075,29.91,2.4988706
13077,18.31,20.753555
13079,19.97,12.781378
13081,50.74,2.929618
13083,40.16,22.16056
13085,34.37,41.309017
13087,22.31,8.480419
13089,22.94,26.10782
13091,10.74,3.72428
13093,18.88,21.278278
13095,38.57,24.698328
13097,21.04,29.349987
13099,8.78,6.8572125
13101,33.32,3.7961829
13103,21.73,21.448053
13105,44.0,30.307608
13107,34.61,14.527879
13109,25.37,10.957485
13111,46.63,44.88972
13113,9.83,22.506935
13115,29.16,17.98416
13117,18.71,9.346181
13119,47.84,56.02654
13121,27.08,21.533844
13123,41.1,30.687712
13125,30.66,18.54904
13127,35.26,25.48264
13129,28.84,24.459995
13131,25.1,5.6614914
13133,26.54,42.636772
13135,18.04,12.428196
13137,25.28,3.5121396
13139,34.79,10.454331
13141,30.59,21.300955
13143,35.1,43.797585
13145,11.4,15.797259
13147,47.78,15.363265
13149,23.96,29.277185
13151,21.34,17.103416
13153,24.76,13.437171
13155,10.46,3.4868572
13157,16.68,33.722397
13159,28.82,19.65715
13161,30.56,11.212291
13163,39.31,9.002479
13165,33.96,12.121971
13167,33.01,0.45509312
13169,35.12,12.271352
13171,27.38,31.070953
13173,36.05,5.4533854
13175,32.22,7.935576
13177,44.66,15.946058
13179,27.93,16.192474
13181,34.01,21.65971
13183,35.03,36.493793
13185,30.83,18.557674
13187,31.61,24.139305
13189,37.98,30.139078
13191,35.09,24.760616
13193,14.55,22.661562
13195,63.55,24.277617
13197,2.84,7.413023
13199,13.44,10.849621
13201,8.78,2.3518286
13205,30.44,4.846866
13207,33.98,26.362494
13209,40.99,19.477776
13211,23.81,20.575012
13213,34.2,18.547676
13215,19.74,30.167496
13217,21.25,10.777308
13219,26.58,11.099748
13221,37.97,12.326144
13223,30.83,32.342854
13225,14.82,12.428275
13227,54.56,20.409935
13229,44.9,14.532781
13231,21.35,24.237988
13233,36.61,44.445957
13235,0.0,2.0188267
13237,29.25,11.182477
13239,0.0,-1.7985151
13241,40.03,22.548952
13243,0.0,-0.8366282
13245,54.68,34.525158
13247,18.95,20.528885
13249,10.93,3.7750142
13251,39.42,40.969875
13253,18.22,15.332929
13255,23.22,34.480766
13257,38.27,35.3143
13259,0.0,9.17112
13261,26.33,3.40046
13263,0.0,9.080039
13265,34.39,9.5397415
13267,35.32,9.157513
13269,0.0,3.4887884
13271,3.58,0.49542406
13273,21.91,-1.4193099
13275,28.53,14.916356
13277,31.39,4.865643
13279,40.99,19.661905
13281,35.42,13.144735
13283,38.07,0.8971391
13285,14.25,23.662724
13287,0.0,4.7329965
13289,28.31,14.944787
13291,39.57,12.018834
13293,16.59,10.196365
13295,39.18,37.67965
13297,21.35,28.619831
13299,47.73,12.128612
13301,35.27,27.450985
13303,30.73,4.256445
13305,42.08,29.200157
13307,10.22,3.7717297
13309,25.12,0.40042302
13311,30.56,37.366657
13313,16.48,17.616188
13315,0.0,16.003832
13317,38.66,10.434736
13319,29.41,22.693336
13321,32.19,9.67418
15001,10.84,22.886707
15003,14.12,17.618816
15005,0.0,7.4750896
15007,14.12,20.013891
15009,20.69,15.845832
16001,23.13,15.603784
16003,22.79,-0.5892198
16005,27.93,24.215292
16007,3.33,2.3105652
16009,28.08,12.26794
16011,10.64,10.297255
16013,5.73,-0.6715026
16015,19.07,21.421808
16017,29.64,17.142616
16019,17.76,29.087326
16021,29.04,3.040043
16023,0.0,6.6160717
16025,0.0,-0.10408738
16027,19.52,15.05636
16029,12.26,18.67414
16031,16.19,5.3635473
16033,0.0,-3.8272078
16035,22.19,8.873453
16037,7.96,4.207529
16039,15.0,11.64301
16041,0.0,6.8383775
16043,6.01,11.552435
16045,23.06,3.3963592
16047,6.05,10.205401
16049,20.45,-0.46452048
16051,5.92,9.884318
16053,8.06,3.730579
16055,21.79,17.05611
16057,25.73,11.562402
16059,0.0,0.86345685
16061,34.88,11.26546
16063,0.0,3.2153563
16065,10.85,13.064589
16067,4.03,-1.6869864
16069,34.88,7.6402617
16071,12.46,2.6495726
16073,27.68,9.930731
16075,25.44,9.541328
16077,0.0,8.525241
16079,20.34,20.652966
16081,8.88,9.894914
16083,18.14,15.827092
16085,15.55,19.165474
16087,28.41,3.6105235
17001,15.45,9.356864
17003,0.0,-2.9379096
17005,40.55,33.038246
17007,22.58,25.707062
17009,0.0,8.665039
17011,31.73,21.031464
17013,25.58,16.357132
17015,27.95,2.3119366
17017,11.14,22.740622
17019,29.05,25.425999
17021,28.53,25.00563
17023,24.74,29.675552
17025,14.45,27.176214
17027,38.52,28.022991
17029,28.65,36.851093
17031,41.98,27.21317
17033,11.62,44.609894
17035,23.73,27.90855
17037,20.95,33.125217
17039,0.0,23.564138
17041,29.53,23.96215
17043,16.72,16.63673
17045,33.14,32.277397
17047,0.0,2.6450217
17049,24.98,19.026741
17051,32.97,22.024677
17053,33.55,30.264091
17055,22.67,22.708557
17057,17.23,11.712202
17059,16.58,40.31377
17061,0.0,29.078222
17063,24.51,21.641602
17065,15.48,17.235847
17067,0.0,4.8177295
17069,0.0,67.455696
17071,0.0,8.786531
17073,22.37,9.947824
17075,40.55,42.109737
17077,28.52,26.255392
17079,12.76,11.306481
17081,32.97,18.995514
17083,22.88,28.451464
17085,25.21,12.965198
17087,12.44,23.870277
17089,18.28,22.503452
17091,45.25,25.4515
17093,16.03,16.957962
17095,26.86,5.316231
17097,19.18,19.470406
17099,38.86,33.231068
17101,0.0,15.96157
17103,27.25,20.908812
17105,36.6,38.306927
17107,16.08,12.291537
17109,0.0,-0.18122557
17111,17.0,23.191727
17113,14.02,9.715052
17115,23.65,34.064503
17117,24.21,32.871483
17119,40.55,28.762756
17121,43.34,35.62714
17123,35.63,36.483765
17125,13.15,19.965288
17127,13.34,15.743163
17129,0.0,17.231403
17131,14.99,19.482018
17133,44.48,22.52215
17135,33.45,39.103962
17137,9.82,7.5254683
17139,23.29,37.126637
17141,29.53,19.2499
17143,38.12,32.105717
17145,32.48,41.53085
17147,16.68,20.941744
17149,0.0,17.763443
17151,13.11,20.447138
17153,0.0,0.032431334
17155,38.86,35.676517
17157,42.11,38.650738
17159,0.0,4.3572955
17161,13.43,11.87894
17163,32.06,31.223236
17165,12.39,49.639088
17167,33.41,20.059494
17169,6.62,24.46501
17171,0.0,3.7764244
17173,27.51,11.229114
17175,31.96,0.24641654
17177,37.47,15.121612
17179,25.4,22.814426
17181,9.11,22.659178
17183,42.85,25.99772
17185,0.0,11.665612
17187,10.46,20.109644
17189,36.12,17.847147
17191,0.0,17.29488
17193,11.69,10.38728
17195,21.95,6.9038234
17197,24.11,23.973213
17199,23.99,24.185616
17201,54.93,43.542248
17203,30.6,22.17343
18001,39.77,58.32302
18003,35.0,32.456417
18005,56.26,30.682844
18007,38.97,46.362503
18009,63.4,43.070126
18011,18.88,19.349022
18013,44.69,41.547516
18015,44.31,25.990368
18017,45.29,27.418406
18019,49.9,46.630295
18021,34.4,18.38426
18023,51.76,21.546864
18025,41.13,28.778133
18027,12.4,26.122452
18029,39.11,36.533367
18031,52.07,41.293293
18033,28.14,31.295647
18035,57.13,46.61275
18037,19.68,13.571828
18039,16.43,8.175832
18041,59.96,74.54507
18043,53.27,55.491894
18045,28.14,13.1407795
18047,48.54,35.883686
18049,44.43,19.59753
18051,18.51,15.448915
18053,69.67,75.40774
18055,27.88,34.654854
18057,15.35,11.225621
18059,25.28,22.306879
18061,50.19,30.032276
18063,20.27,19.216473
18065,28.62,34.010963
18067,52.65,37.317043
18069,32.58,39.308804
18071,43.2,31.639677
18073,45.86,28.832226
18075,47.2,60.59084
18077,30.35,33.071205
18079,72.63,50.61717
18081,36.8,44.5576
18083,15.35,20.7003
18085,25.98,18.509762
18087,23.35,18.590115
18089,39.02,46.5957
18091,50.15,27.635035
18093,35.38,30.201466
18095,61.48,36.268616
18097,72.1,54.980366
18099,32.38,23.17358
18101,0.0,26.170034
18103,47.65,30.48068
18105,41.5,39.492367
18107,28.74,27.917313
18109,45.68,40.660965
18111,41.61,39.79257
18113,23.22,21.758419
18115,36.45,30.315022
18117,27.15,34.468536
18119,43.59,40.908417
18121,29.34,15.0243845
18123,18.9,30.275791
18125,17.51,10.335351
18127,26.89,25.499449
18129,31.25,21.978592
18131,48.8,32.927895
18133,33.52,29.333046
18135,53.2,57.60227
18137,44.64,22.924929
18139,40.14,61.011745
18141,34.53,21.826555
18143,52.87,76.98065
18145,46.68,52.91772
18147,14.8,22.742432
18149,73.09,38.17691
18151,25.38,23.059454
18153,31.13,33.59089
18155,39.87,44.451096
18157,27.55,24.46323
18159,50.18,35.571354
18161,56.26,37.903828
18163,41.17,42.498737
18165,32.92,15.611043
18167,31.13,30.581215
18169,42.17,29.404888
18171,32.87,12.490611
18173,15.34,12.851528
18175,46.06,32.26001
18177,69.41,40.955364
18179,50.16,40.33531
18181,41.49,24.770868
18183,31.79,44.894596
19001,0.0,1.5063189
19003,0.0,0.5581465
19005,12.89,3.5982187
19007,1.41,-4.5817165
19009,0.0,-7.2017884
19011,7.88,10.133575
19013,9.98,13.7717905
19015,9.54,16.40879
19017,2.5,2.5378065
19019,11.03,21.377888
19021,0.0,15.47819
19023,0.0,2.611468
19025,0.0,0.093144864
19027,3.32,2.4674327
19029,5.37,2.6560714
19031,19.9,2.105633
19033,0.0,17.024994
19035,0.0,1.5144613
19037,0.0,1.9371774
19039,0.0,10.491856
19041,0.0,3.378753
19043,9.36,7.2832294
19045,32.37,10.949731
19047,5.43,4.983058
19049,10.18,16.669739
19051,1.63,-0.3720844
19053,0.0,-7.5164742
19055,16.88,4.6156726
19057,39.17,6.0569453
19059,0.0,2.9447176
19061,12.16,13.707958
19063,0.0,4.7620664
19065,6.73,13.151206
19067,0.0,2.120522
19069,0.0,4.706885
19071,0.0,8.267965
19073,4.72,6.1893363
19075,2.0,2.7921746
19077,3.89,3.1291053
19079,0.0,2.753419
19081,0.0,2.177551
19083,0.0,3.007548
19085,13.1,4.6633177
19087,16.32,3.3058226
19089,0.0,0.8972484
19091,0.0,0.4892089
19093,0.0,0.86256325
19095,0.0,6.492135
19097,23.27,31.14906
19099,10.09,10.060128
19101,7.86,15.92296
19103,11.51,11.845966
19105,20.58,10.0882015
19107,4.6,8.5101385
19109,0.0,2.0393817
19111,9.79,24.564207
19113,17.9,16.228125
19115,0.0,7.717192
19117,3.19,6.4271636
19119,0.0,3.7098787
19121,7.85,18.373001
19123,5.62,27.031578
19125,10.84,4.0093803
19127,2.84,8.24342
19129,7.4,8.070661
19131,0.0,1.5871781
19133,5.27,1.0933809
19135,0.0,18.517595
19137,0.0,7.397408
19139,12.94,8.02112
19141,0.0,1.9117415
19143,0.0,0.2651168
19145,1.23,8.045187
19147,0.0,0.66436505
19149,2.6,5.192473
19151,0.0,-2.3459435
19153,28.14,22.628147
19155,26.83,17.35094
19157,4.16,11.651424
19159,0.0,0.48485526
19161,0.0,1.4204793
19163,17.82,19.2684
19165,11.32,1.8536749
19167,0.43,1.4760201
19169,9.38,8.424195
19171,0.0,1.2639208
19173,0.0,0.3506143
19175,0.0,9.703533
19177,6.53,1.7266433
19179,4.01,8.839949
19181,12.77,3.3686416
19183,6.96,10.245804
19185,0.8,4.7054243
19187,0.0,4.8429403
19189,0.0,-1.2384169
19191,0.0,3.2043214
19193,10.41,10.962338
19195,0.0,19.786098
19197,0.0,-2.844187
20001,12.44,3.5570307
20003,18.21,6.140141
20005,23.93,3.7124178
20007,0.0,1.9067653
20009,4.15,4.7109714
20011,18.57,8.40471
20013,0.0,2.5012748
20015,21.98,21.390713
20017,0.0,3.8513474
20019,22.7,6.946558
20021,22.29,26.445417
20023,0.0,2.2634296
20025,0.0,3.1099222
20027,0.0,0.29884347
20029,0.0,4.04876
20031,9.62,13.638849
20033,0.0,-0.43803278
20035,23.06,8.965051
20037,25.59,13.719637
20039,0.0,-0.09075901
20041,9.34,5.416455
20043,11.76,0.1374037
20045,19.17,14.666946
20047,1.5,4.2215104
20049,0.0,4.333518
20051,0.0,0.89195466
20053,0.0,10.108954
20055,0.0,1.6222486
20057,0.0,1.9641161
20059,38.47,5.4946737
20061,28.02,8.6344
20063,0.0,-0.2212632
20065,0.0,3.3725207
20067,0.0,4.6766496
20069,0.0,1.1254877
20071,0.0,-0.9700155
20073,0.0,3.0770063
20075,0.0,-1.6291473
20077,0.0,2.4546332
20079,26.16,8.486112
20081,0.0,0.6388937
20083,0.0,0.39702913
20085,18.09,5.8845334
20087,30.47,6.544273
20089,0.0,-1.9659297
20091,17.77,12.453279
20093,0.0,0.24216664
20095,0.0,5.5679417
20097,0.0,2.764385
20099,15.1,10.594947
20101,0.0,0.19638893
20103,36.19,24.77041
20105,4.23,1.9418204
20107,25.0,14.613776
20109,0.0,0.124094635
20111,0.0,7.8623657
20113,14.86,6.06296
20115,0.0,2.42194
20117,0.0,1.0566609
20119,0.0,-0.7737448
20121,24.74,5.706751
20123,0.0,2.4681015
20125,15.07,11.642011
20127,0.0,3.482272
20129,0.0,0.47484022
20131,0.0,0.2218456
20133,11.9,3.0753484
20135,0.0,1.0018543
20137,0.0,0.2687603
20139,17.22,19.058868
20141,0.0,2.334232
20143,5.6,-0.41290143
20145,1.13,0.53289413
20147,0.0,3.251547
20149,9.96,2.5603101
20151,7.48,3.1487954
20153,0.0,-0.13567534
20155,37.39,17.710533
20157,0.0,1.9766339
20159,12.46,6.8427625
20161,5.6,3.1466713
20163,0.0,2.2971947
20165,1.32,0.9545822
20167,1.1,6.5139375
20169,18.66,16.395342
20171,0.0,0.81241083
20173,45.29,26.076664
20175,0.0,5.3321633
20177,36.06,21.228182
20179,0.0,1.2414511
20181,0.0,8.193258
20183,0.0,1.8562601
20185,0.0,2.5150015
20187,0.0,1.3806473
20189,0.0,2.6464705
20191,18.03,5.209641
20193,0.0,4.4802084
20195,0.0,6.8312135
20197,0.0,1.8249631
20199,0.0,-0.10779634
20201,0.0,1.2062615
20203,0.0,-0.38954368
20205,3.77,10.055153
20207,0.0,9.18326
20209,38.61,16.278934
21001,52.45,28.559952
21003,36.83,43.341713
21005,53.67,46.077114
21007,6.67,15.835698
21009,41.23,20.955849
21011,163.69,80.92939
21013,46.67,42.178978
21015,33.79,21.973038
21017,77.68,40.1018
21019,101.85,78.130745
21021,48.54,42.004986
21023,46.03,65.550095
21025,120.22,59.244865
21027,21.85,27.798847
21029,52.48,53.095146
21031,29.0,32.492916
21033,31.47,15.499358
21035,36.03,3.1511395
21037,48.23,40.855392
21039,0.0,2.0947087
21041,39.1,72.98883
21043,75.77,58.458084
21045,56.38,21.20766
21047,43.81,13.099822
21049,67.46,57.12956
21051,60.26,83.73981
21053,58.43,22.46354
21055,19.92,24.30627
21057,54.64,8.813756
21059,29.06,12.045439
21061,32.48,18.142529
21063,0.0,85.805016
21065,121.05,111.287315
21067,50.57,42.84683
21069,76.32,48.7327
21071,125.79,65.135254
21073,62.01,33.95116
21075,20.64,0.70188105
21077,54.14,76.672905
21079,66.06,50.21071
21081,74.5,35.5284
21083,23.9,21.443424
21085,29.84,12.511221
21087,62.32,35.980526
21089,50.84,63.165943
21091,0.0,12.572172
21093,45.59,42.856136
21095,50.66,51.692524
21097,62.82,71.88597
21099,48.19,14.962912
21101,34.06,22.84381
21103,42.07,71.66257
21105,12.01,17.32847
21107,22.32,25.35413
21109,82.95,89.084816
21111,67.75,46.71077
21113,75.57,37.442875
21115,99.87,74.722115
21117,41.69,57.99184
21119,108.12,102.92269
21121,60.68,42.987858
21123,55.0,41.028934
21125,38.16,53.494915
21127,62.08,61.720222
21129,151.49,52.058483
21131,59.5,76.40157
21133,67.01,62.54522
21135,75.48,97.771545
21137,61.58,46.107807
21139,17.08,32.76138
21141,36.04,18.435656
21143,25.7,3.824056
21145,26.67,9.087842
21147,73.77,28.931839
21149,28.48,11.964219
21151,70.39,77.97413
21153,140.88,62.686592
21155,50.57,75.19894
21157,25.78,28.380024
21159,97.7,56.5507
21161,76.79,59.169704
21163,35.53,34.60005
21165,95.82,61.588543
21167,74.23,29.062443
21169,54.32,23.087831
21171,52.66,13.534064
21173,77.55,58.83011
21175,72.88,53.07153
21177,34.15,33.397278
21179,44.31,20.336395
21181,76.35,49.93175
21183,22.92,27.306067
21185,15.84,28.392757
21187,52.64,41.139225
21189,99.07,89.24294
21191,51.47,98.63812
21193,80.41,90.224785
21195,94.16,50.931515
21197,76.44,57.863407
21199,45.6,55.853203
21201,0.0,67.62497
21203,56.36,68.24018
21205,65.61,110.73993
21207,51.48,25.805939
21209,43.99,26.384398
21211,61.37,35.235428
21213,33.5,40.1339
21215,55.92,32.641613
21217,79.52,67.03133
21219,41.98,26.491154
21221,33.66,15.029907
21223,32.03,31.951555
21225,22.7,10.28172
21227,22.88,15.243121
21229,54.26,50.54979
21231,62.31,17.37723
21233,28.29,43.186558
21235,97.63,38.523254
21237,109.62,43.39606
21239,60.01,36.5653
22001,51.11,46.82083
22003,44.8,30.63437
22005,59.02,36.9928
22007,53.61,35.381496
22009,74.84,39.554623
22011,41.23,22.556355
22013,24.6,4.2641673
22015,13.15,8.270866
22017,12.23,7.9461045
22019,29.15,17.198448
22021,37.96,35.400455
22023,39.5,23.998135
22025,48.27,2.9566562
22027,17.46,11.707179
22029,57.45,14.74562
22031,0.0,5.0671144
22033,61.93,51.228374
22035,0.0,4.607676
22037,78.04,24.050657
22039,31.26,41.534737
22041,16.09,5.2475605
22043,48.58,36.465893
22045,35.13,29.035728
22047,50.84,29.858465
22049,37.37,16.9814
22051,65.28,73.27593
22053,65.57,42.714127
22055,47.2,31.068523
22057,42.77,34.283375
22059,60.8,34.54834
22061,33.22,14.580871
22063,86.91,66.75465
22065,0.0,4.993397
22067,17.81,8.982038
22069,38.19,19.810637
22071,97.09,101.214645
22073,41.85,15.164199
22075,82.6,38.026752
22077,65.35,40.04897
22079,58.97,44.980137
22081,15.89,12.070071
22083,11.59,12.190833
22085,15.9,12.013038
22087,85.43,78.02476
22089,58.83,14.067559
22091,74.67,19.23913
22093,51.49,22.788857
22095,27.59,21.265736
22097,39.13,14.83568
22099,64.41,11.787012
22101,56.5,26.259602
22103,43.91,40.78309
22105,75.16,39.647038
22107,0.0,4.4938927
22109,68.71,32.06353
22111,30.96,43.07359
22113,40.38,23.648813
22115,25.4,19.734467
22117,79.96,50.693695
22119,6.58,6.7153163
22121,70.74,40.740646
22123,0.0,30.442295
22125,97.52,39.732685
22127,49.19,3.6996987
23001,59.28,34.252567
23003,68.4,38.297623
23005,39.03,24.918917
23007,45.94,22.182384
23009,44.09,33.09241
23011,44.61,40.629593
23013,51.02,15.868714
23015,44.18,29.30075
23017,50.42,53.20471
23019,69.61,34.14681
23021,66.23,49.18684
23023,26.74,40.359318
23025,60.67,17.1703
23027,59.64,45.816967
23029,79.52,63.060253
23031,49.37,33.700634
24001,52.03,47.194096
24003,36.07,36.065273
24005,45.85,48.100777
24009,30.66,41.683712
24011,35.89,46.798565
24013,30.23,39.02567
24015,90.53,46.61363
24017,43.5,30.448597
24019,55.0,52.220657
24021,24.38,31.80075
24023,56.19,46.108044
24025,43.96,36.36813
24027,15.8,7.844545
24029,55.22,43.919178
24031,13.49,15.750121
24033,26.4,18.885754
24035,23.21,44.808365
24037,34.82,27.259148
24039,65.18,52.365246
24041,34.27,31.088299
24043,64.27,48.802616
24045,30.57,26.92779
24047,22.28,20.989422
24510,138.09,142.2101
25001,43.45,36.473495
25003,39.11,39.90347
25005,53.79,51.547745
25007,43.45,50.21919
25009,37.19,39.738506
25011,43.73,20.038826
25013,54.66,49.07151
25015,27.06,26.025642
25017,26.59,24.473658
25019,43.45,45.786217
25021,25.36,27.263071
25023,40.52,39.299774
25025,43.97,41.34109
25027,43.11,38.33346
26001,9.66,39.685497
26003,0.0,1.138911
26005,15.68,22.637115
26007,0.0,32.002636
26009,15.46,26.19765
26011,33.05,55.71977
26013,17.14,13.177726
26015,21.46,16.84739
26017,27.23,36.23483
26019,34.98,21.128895
26021,34.66,17.042316
26023,25.98,12.999924
26025,38.26,36.009098
26027,19.45,23.103565
26029,4.75,12.0215435
26031,0.0,20.641716
26033,0.0,14.314045
26035,25.21,28.939766
26037,26.69,27.489475
26039,14.19,30.012905
26041,0.0,0.6069068
26043,0.0,14.875526
26045,23.85,10.303572
26047,0.0,39.07127
26049,59.7,43.853207
26051,38.87,26.064589
26053,34.29,15.1417265
26055,22.81,18.42203
26057,22.91,22.4916
26059,26.22,30.81911
26061,34.29,8.122511
26063,27.44,25.063877
26065,41.53,38.7727
26067,16.46,21.888273
26069,16.52,37.664154
26071,17.86,3.83296
26073,23.27,11.901896
26075,27.49,14.319352
26077,16.46,11.269397
26079,21.3,47.52146
26081,18.06,31.201147
26083,34.29,5.4313054
26085,36.63,12.13698
26087,29.29,24.627007
26089,22.81,20.072777
26091,26.38,13.4876585
26093,16.31,18.608725
26095,0.0,-1.1199179
26097,0.0,13.967523
26099,35.58,28.976284
26101,59.32,33.295223
26103,0.0,13.619556
26105,34.0,22.060938
26107,25.57,10.333357
26109,0.0,26.210339
26111,13.15,11.313445
26113,27.29,15.522289
26115,26.99,31.569752
26117,20.76,20.146595
26119,0.0,17.189703
26121,39.08,36.057526
26123,21.62,15.884976
26125,18.28,26.697105
26127,31.57,15.586133
26129,22.11,31.78403
26131,34.29,6.31044
26133,28.46,9.0152025
26135,0.0,26.166958
26137,3.55,14.634484
26139,11.63,18.510056
26141,0.0,19.829666
26143,21.55,32.125164
26145,29.2,22.763365
26147,25.6,35.674946
26149,23.0,31.181667
26151,27.44,21.516273
26153,0.0,12.139335
26155,30.87,31.989475
26157,33.38,29.131306
26159,29.07,13.798675
26161,26.75,19.12194
26163,50.31,56.64647
26165,38.43,29.279015
27001,34.79,31.600681
27003,22.23,18.935944
27005,15.03,8.609393
27007,70.51,27.007582
27009,38.59,15.700093
27011,0.0,3.1784308
27013,17.23,19.862782
27015,0.0,1.6432748
27017,35.42,33.75182
27019,11.81,21.501614
27021,41.57,30.7102
27023,0.0,2.4274318
27025,26.37,13.872423
27027,22.75,6.766884
27029,30.85,48.545986
27031,34.58,6.7262425
27033,1.72,3.7769086
27035,22.08,9.231143
27037,13.53,12.688798
27039,27.42,11.197219
27041,12.9,4.0142922
27043,5.74,1.805089
27045,15.41,8.579708
27047,12.89,7.5733557
27049,15.74,7.2623487
27051,4.3,4.972049
27053,36.5,23.427773
27055,16.27,5.2772245
27057,37.36,16.822216
27059,29.88,31.791859
27061,43.3,16.367105
27063,1.72,2.6363776
27065,34.77,27.380653
27067,6.7,3.9134815
27069,0.0,2.7909846
27071,35.03,18.067322
27073,0.0,2.011526
27075,34.58,7.467296
27077,0.0,18.410933
27079,10.67,8.752237
27081,0.0,-0.1345723
27083,0.0,1.1479304
27085,6.86,3.353192
27087,13.43,64.38544
27089,0.0,2.9460506
27091,5.55,3.2617757
27093,10.62,2.4121192
27095,40.32,42.184116
27097,32.12,14.144606
27099,27.4,4.890896
27101,0.0,1.0247093
27103,5.74,6.55429
27105,0.0,-0.35802737
27107,0.0,6.2764006
27109,27.44,18.459015
27111,12.91,6.863584
27113,23.5,16.250298
27115,34.09,34.593254
27117,0.98,3.0841548
27119,7.86,14.18888
27121,6.68,1.31393
27123,44.0,30.30547
27125,0.0,2.189267
27127,0.0,1.1233959
27129,3.33,4.274042
27131,17.88,12.7331
27133,3.02,-0.28974858
27135,17.63,24.56606
27137,34.58,18.16487
27139,13.59,14.891496
27141,27.11,16.897278
27143,0.0,7.717886
27145,16.21,14.976761
27147,27.41,25.086353
27149,0.0,1.9019113
27151,0.0,1.3558533
27153,22.48,6.4627776
27155,0.0,0.7172543
27157,16.56,7.2641845
27159,0.0,9.770783
27161,16.79,3.2820573
27163,10.87,12.850902
27165,8.62,1.4389229
27167,9.99,26.296864
27169,22.23,2.5478787
27171,8.78,18.828857
27173,0.0,3.8623614
28001,28.73,21.745287
28003,39.73,36.100574
28005,67.69,26.927166
28007,9.49,3.0722048
28009,35.09,42.13077
28011,4.7,0.18897936
28013,30.75,11.218343
28015,28.98,7.82328
28017,23.18,0.92965555
28019,0.0,2.952401
28021,14.92,21.247585
28023,10.96,9.973502
28025,16.26,12.224269
28027,7.5,11.055191
28029,30.72,14.401641
28031,21.54,13.124484
28033,31.82,22.669968
28035,19.2,18.293055
28037,48.21,44.757946
28039,38.91,26.955818
28041,31.66,2.59741
28043,47.42,-0.91572356
28045,39.05,40.4333
28047,38.85,31.740961
28049,29.85,13.167048
28051,12.92,6.2239265
28053,0.0,2.0028667
28055,0.0,23.614244
28057,32.56,32.919693
28059,53.11,61.184803
28061,11.83,0.2446892
28063,29.47,18.459415
28065,39.49,5.690455
28067,15.02,15.078733
28069,0.0,3.3588746
28071,30.8,11.459704
28073,30.4,32.428886
28075,2.97,23.998692
28077,51.07,25.454464
28079,0.0,33.163548
28081,15.67,33.11358
28083,15.81,2.6308796
28085,55.47,16.881
28087,11.84,19.635967
28089,14.4,20.01342
28091,66.53,40.675777
28093,40.7,45.46955
28095,28.48,12.39968
28097,23.71,14.264723
28099,0.0,5.0396333
28101,3.02,10.924887
28103,0.0,4.667664
28105,0.0,10.934405
28107,33.68,21.533934
28109,82.08,43.399483
28111,26.89,25.63365
28113,42.88,33.089153
28115,23.21,13.786143
28117,30.29,28.956974
28119,0.0,2.089738
28121,23.9,13.394544
28123,0.0,7.5541453
28125,0.0,4.5301332
28127,30.24,17.860691
28129,15.12,25.772133
28131,46.46,32.1647
28133,5.27,3.254239
28135,0.0,1.2139406
28137,32.75,32.611088
28139,34.07,26.94683
28141,33.21,46.29664
28143,24.75,7.5767345
28145,27.47,25.203588
28147,63.12,46.629055
28149,8.94,14.660276
28151,1.32,9.83364
28153,26.0,7.9443707
28155,17.78,11.235148
28157,63.28,30.565468
28159,0.0,10.123462
28161,27.03,2.8777776
28163,8.85,2.843958
29001,0.0,-4.657476
29003,14.07,14.851156
29005,0.31,12.077741
29007,29.16,31.582663
29009,20.97,21.449043
29011,25.69,17.31248
29013,24.43,10.81306
29015,31.27,17.988325
29017,34.81,32.934746
29019,28.77,15.738124
29021,47.04,34.103462
29023,42.68,41.752823
29025,29.23,8.093812
29027,31.28,14.340604
29029,44.97,26.744963
29031,14.78,26.659794
29033,23.92,35.53335
29035,25.75,61.11179
29037,23.55,16.729984
29039,28.4,12.854066
29041,8.57,2.697714
29043,24.7,9.772758
29045,0.0,4.3325667
29047,24.12,22.699223
29049,29.75,17.702837
29051,16.89,22.01301
29053,21.94,9.028918
29055,52.96,49.961544
29057,31.12,8.631192
29059,40.84,9.361613
29061,13.71,2.3477547
29063,25.6,9.208884
29065,36.23,37.511795
29067,36.25,33.04162
29069,26.27,25.980492
29071,51.0,34.807133
29073,47.52,7.472097
29075,0.0,1.151912
29077,41.87,36.01549
29079,3.53,2.5136664
29081,0.0,7.661967
29083,27.1,9.98422
29085,35.86,21.730614
29087,0.0,-2.5898159
29089,20.39,10.173994
29091,35.41,30.537601
29093,39.47,52.45424
29095,43.12,37.402653
29097,25.79,15.882076
29099,46.66,38.490623
29101,33.34,19.436787
29103,0.0,-1.5570881
29105,48.72,42.526386
29107,36.26,36.51035
29109,30.87,24.31435
29111,3.86,7.8132463
29113,45.92,25.18328
29115,1.67,0.37482688
29117,12.03,9.800611
29119,19.34,15.192453
29121,3.03,5.956417
29123,50.34,57.503563
29125,46.82,6.821095
29127,4.83,11.767299
29129,0.27,2.2309368
29131,30.99,22.640348
29133,5.84,1.4181023
29135,0.0,5.5087247
29137,9.22,5.2851872
29139,39.99,29.883312
29141,25.32,22.263437
29143,23.96,13.807379
29145,25.33,14.3987875
29147,0.0,-7.5524898
29149,29.75,10.1261835
29151,31.9,17.39465
29153,29.99,15.867956
29155,28.56,15.71454
29157,38.89,40.681614
29159,30.5,10.867087
29161,48.55,41.061474
29163,56.61,20.70739
29165,18.09,15.736474
29167,33.8,36.18604
29169,59.32,29.116238
29171,0.24,-0.21943787
29173,0.0,26.441872
29175,17.55,17.204271
29177,32.33,21.91244
29179,0.0,32.864616
29181,31.31,31.58885
29183,25.37,26.89388
29185,28.43,6.5974717
29186,59.0,50.072697
29187,61.22,45.994026
29189,40.19,37.69831
29195,25.11,2.3004289
29197,0.0,19.490128
29199,0.0,21.403347
29201,16.67,15.538131
29203,26.55,55.74597
29205,2.9,2.282505
29207,35.24,46.253063
29209,24.95,20.305536
29211,0.13,-0.22044995
29213,33.44,32.71873
29215,43.42,46.148502
29217,25.16,11.784741
29219,37.57,43.914387
29221,46.93,60.50075
29223,33.76,51.461834
29225,38.99,29.907394
29227,0.0,2.3905826
29229,43.42,42.92909
29510,108.52,62.692493
30001,15.38,4.145406
30003,5.3,0.97243345
30005,0.0,5.2547293
30007,9.79,4.1598845
30009,7.56,12.486964
30011,0.0,1.2189944
30013,18.85,8.174142
30015,2.69,2.0498266
30017,0.0,3.3145835
30019,0.0,1.2436559
30021,0.0,4.420409
30023,24.94,27.082312
30025,0.0,4.384419
30027,0.0,-0.33442715
30029,18.78,11.766492
30031,10.41,3.529525
30033,0.0,0.44487488
30035,9.39,15.240539
30037,0.0,5.313171
30039,19.0,5.3678346
30041,0.0,12.73512
30043,24.34,1.6947775
30045,0.0,1.8833649
30047,33.48,14.403268
30049,18.96,0.45882007
30051,0.0,2.8240225
30053,18.78,15.9162655
30055,0.0,-2.6400776
30057,22.87,1.4905028
30059,0.0,0.05624959
30061,0.0,-0.64301574
30063,19.0,16.975052
30065,4.12,10.046872
30067,3.47,1.1303885
30069,0.0,-3.8901694
30071,0.0,6.9777117
30073,5.14,4.059286
30075,0.0,1.1624877
30077,20.02,2.979249
30079,0.0,2.87232
30081,12.67,6.259936
30083,0.0,5.119417
30085,0.0,-0.75443876
30087,2.94,4.931522
30089,20.0,9.770019
30091,0.0,5.0596857
30093,58.22,20.091343
30095,4.99,4.086501
30097,0.0,0.20630714
30099,0.0,2.21646
30101,0.0,21.428705
30103,0.0,0.6954168
30105,0.0,2.8848426
30107,0.0,2.4856694
30109,0.0,1.978349
30111,16.48,14.874548
31001,0.0,3.6553566
31003,0.0,-0.21256474
31005,0.0,-0.1983402
31007,0.0,-2.8023129
31009,0.0,-3.4832864
31011,0.0,0.70943177
31013,0.0,9.741433
31015,0.0,3.4638622
31017,0.0,0.99358666
31019,0.0,0.6839402
31021,0.0,1.5012295
31023,0.0,3.113755
31025,0.0,7.2713113
31027,0.0,0.9628837
31029,0.0,2.838168
31031,0.0,-0.8796071
31033,0.0,0.7396729
31035,0.0,2.2963784
31037,0.0,-0.049669445
31039,0.0,2.698602
31041,0.0,1.624263
31043,5.2,9.754335
31045,0.0,3.5060966
31047,0.0,-0.51904416
31049,0.0,19.017715
31051,1.3,-2.668156
31053,3.3,7.628575
31055,19.78,16.526257
31057,0.0,0.7863817
31059,0.0,2.4115396
31061,0.0,-1.4227617
31063,0.0,-0.6675242
31065,0.0,0.3637273
31067,0.0,2.1025732
31069,0.0,2.5251606
31071,0.0,-1.3314488
31073,0.0,-0.24913123
31075,0.0,2.6085095
31077,0.0,0.31280944
31079,0.0,6.869141
31081,0.0,2.9056444
31083,0.0,0.045045704
31085,0.0,-0.49430063
31087,0.0,0.7135201
31089,0.0,0.09963259
31091,0.0,1.7897675
31093,0.0,-0.47620788
31095,0.0,0.77925646
31097,0.0,6.062223
31099,0.0,5.169672
31101,0.0,0.39793664
31103,0.0,-0.3192093
31105,0.0,8.079439
31107,0.0,3.4066737
31109,11.39,11.249955
31111,0.0,3.608789
31113,0.0,-2.260605
31115,0.0,3.2843058
31117,0.0,2.8916738
31119,0.0,1.4788535
31121,0.0,8.007857
31123,0.0,0.35204074
31125,0.0,0.94167054
31127,0.06,8.037289
31129,0.0,0.8840965
31131,1.68,4.1039505
31133,0.0,-6.5015497
31135,0.0,0.7112411
31137,0.0,1.2079695
31139,0.0,4.4272227
31141,0.0,3.5158887
31143,0.0,25.803211
31145,0.0,4.2977576
31147,0.0,-3.7782185
31149,0.0,-0.54467094
31151,1.9,-0.5508666
31153,10.18,11.163867
31155,0.0,3.97347
31157,0.0,9.014546
31159,0.0,5.486714
31161,0.0,3.276399
31163,0.0,0.4606602
31165,0.0,0.54097605
31167,0.0,1.844081
31169,0.0,1.226096
31171,0.0,-2.1474812
31173,2.82,-2.960461
31175,0.0,0.8928114
31177,12.48,2.8473208
31179,0.0,8.700626
31181,0.0,1.6554167
31183,0.0,1.5243876
31185,0.27,3.3768883
32001,34.22,21.437717
32003,28.76,22.988005
32005,24.85,23.929005
32007,46.26,20.89078
32009,0.0,4.43037
32011,0.0,-6.1208997
32013,35.0,10.241543
32015,35.65,19.79692
32017,27.07,5.7469544
32019,32.48,22.740221
32021,0.0,32.63487
32023,62.11,32.819683
32027,36.79,40.70925
32029,33.52,15.826451
32031,42.28,34.63409
32033,22.45,9.837017
32510,25.8,29.036633
33001,23.15,42.912586
33003,34.48,26.213333
33005,32.32,27.5707
33007,76.18,31.663128
33009,23.05,22.034666
33011,43.6,28.988956
33013,28.84,26.915627
33015,25.36,26.17061
33017,41.58,45.26257
33019,36.4,52.904625
34001,71.11,50.40084
34003,17.1,14.319808
34005,29.61,33.38153
34007,62.68,57.12315
34009,55.42,57.407104
34011,54.84,43.11014
34013,49.68,27.135498
34015,37.51,38.750053
34017,25.73,24.954977
34019,12.33,18.61116
34021,36.25,33.157505
34023,24.84,18.178549
34025,25.46,33.1266
34027,16.63,26.353931
34029,32.48,32.099197
34031,28.41,20.144712
34033,41.46,46.310677
34035,18.45,15.734299
34037,26.01,23.630617
34039,29.13,25.123896
34041,30.65,29.515528
35001,63.49,48.652283
35003,57.46,17.189566
35005,53.21,18.097078
35006,44.53,33.454296
35007,21.21,38.402954
35009,39.97,26.634676
35011,0.0,0.34492275
35013,28.66,21.359318
35015,38.08,16.821964
35017,43.34,62.258327
35019,51.78,6.9278407
35021,0.0,4.60985
35023,40.89,63.286213
35025,34.51,20.511154
35027,48.93,55.70709
35028,64.66,54.877995
35029,42.72,32.591835
35031,41.53,20.85401
35033,0.0,52.470585
35035,29.06,33.938046
35037,27.5,10.982966
35039,122.35,77.8938
35041,25.54,11.277394
35043,22.8,25.205555
35045,40.69,18.759184
35047,89.04,60.73917
35049,48.82,32.833164
35051,49.05,109.25749
35053,93.08,84.66749
35055,63.62,40.61426
35057,66.31,58.71326
35059,4.24,13.534232
35061,37.14,58.98971
36001,31.66,27.266478
36003,34.27,17.195847
36005,63.26,26.25731
36007,51.24,34.41854
36009,41.86,40.637833
36011,28.0,38.10118
36013,49.99,36.043236
36015,46.67,61.26879
36017,40.9,40.735355
36019,30.48,28.695057
36021,31.0,28.643635
36023,26.02,40.752098
36025,33.53,35.57552
36027,45.04,29.05392
36029,37.67,27.932579
36031,27.09,18.203606
36033,25.88,13.18583
36035,37.97,14.368955
36037,29.55,16.875778
36039,27.05,44.4309
36041,24.9,26.988754
36043,26.75,15.064299
36045,19.72,19.93816
36047,28.76,11.411336
36049,28.07,31.192175
36051,24.38,25.73473
36053,23.85,21.201757
36055,44.01,30.672497
36057,20.15,24.18258
36059,18.07,14.348337
36061,31.95,34.159023
36063,42.2,22.26418
36065,36.71,26.390654
36067,38.01,30.536695
36069,14.2,25.633461
36071,33.26,23.920427
36073,38.59,34.120384
36075,32.13,38.030537
36077,28.04,15.340048
36079,25.5,36.44407
36081,23.49,16.902927
36083,28.78,14.13381
36085,34.21,30.289986
36087,15.04,18.322369
36089,25.06,11.759177
36091,16.33,10.609721
36093,30.61,23.22168
36095,28.51,38.304867
36097,36.18,26.855392
36099,28.59,42.466793
36101,31.32,12.113668
36103,35.99,31.867676
36105,64.02,39.37888
36107,37.72,20.630604
36109,30.54,18.61218
36111,42.23,26.704576
36113,15.24,20.59872
36115,42.73,35.847622
36117,34.02,18.444038
36119,20.09,21.776627
36121,27.73,19.034306
36123,27.57,23.039152
37001,32.89,22.602894
37003,30.13,30.570408
37005,41.35,26.474287
37007,49.7,44.74451
37009,45.16,19.057465
37011,49.64,36.7662
37013,54.21,17.775702
37015,49.08,24.73741
37017,64.52,49.5236
37019,42.47,31.37677
37021,54.1,32.01639
37023,44.38,48.91938
37025,30.53,25.362547
37027,43.48,43.754192
37029,34.39,23.548164
37031,56.21,47.25052
37033,39.59,34.907185
37035,39.76,22.57177
37037,31.3,24.991907
37039,47.44,69.59027
37041,45.26,35.646057
37043,45.79,24.611916
37045,36.75,13.763101
37047,44.1,42.5398
37049,89.22,40.946327
37051,55.24,33.971626
37053,35.23,20.627039
37055,52.69,22.352789
37057,56.2,35.581528
37059,45.36,28.95369
37061,28.58,27.597683
37063,39.68,28.838905
37065,53.83,14.837927
37067,48.05,18.577885
37069,40.25,30.890879
37071,63.62,30.904642
37073,35.53,31.291073
37075,65.04,16.375225
37077,38.77,18.790981
37079,37.74,20.811584
37081,41.38,26.447004
37083,41.8,23.093733
37085,42.5,24.812618
37087,55.9,36.45779
37089,36.41,19.862423
37091,42.3,28.70582
37093,42.76,24.719143
37095,65.01,16.512636
37097,24.5,34.35259
37099,53.54,37.161766
37101,29.39,25.07061
37103,51.17,36.882515
37105,58.04,23.287518
37107,38.44,20.466862
37109,33.3,29.858429
37111,46.92,32.968975
37113,49.91,28.29507
37115,55.13,60.767124
37117,51.14,25.197449
37119,28.11,22.69868
37121,52.28,48.180897
37123,65.65,22.652596
37125,47.38,23.476173
37127,41.76,24.324415
37129,39.16,31.620026
37131,46.6,38.76569
37133,43.42,21.866562
37135,23.92,17.641415
37137,96.92,65.042305
37139,34.2,16.759895
37141,34.99,25.216145
37143,45.09,9.462154
37145,25.39,17.74411
37147,51.28,21.71677
37149,60.04,32.890343
37151,76.69,43.257
37153,86.49,44.009083
37155,96.86,53.557194
37157,73.95,52.80264
37159,70.83,30.245613
37161,70.81,28.50079
37163,27.06,44.785908
37165,58.54,27.100708
37167,34.29,30.548765
37169,55.34,46.617245
37171,46.22,30.685833
37173,100.24,51.02572
37175,49.55,20.85891
37177,46.78,33.116566
37179,20.88,12.06873
37181,49.84,24.269035
37183,20.34,18.229868
37185,47.29,42.048546
37187,54.29,44.23624
37189,25.41,25.350657
37191,23.02,18.98426
37193,36.48,19.175156
37195,38.24,31.70472
37197,48.05,41.723392
37199,52.11,31.562584
38001,0.0,1.1343192
38003,3.74,7.0778165
38005,0.0,-0.35244897
38007,0.0,8.525575
38009,1.02,-0.005834371
38011,0.0,4.3340697
38013,0.0,8.519427
38015,19.14,7.7919946
38017,18.68,16.370035
38019,0.0,1.7697674
38021,0.0,2.1793907
38023,0.0,1.8530762
38025,0.16,5.921045
38027,0.0,2.0111847
38029,3.42,1.3679817
38031,0.0,1.6985179
38033,0.0,0.6682545
38035,15.19,11.297574
38037,0.0,1.1470127
38039,0.0,1.7748712
38041,0.0,-1.2538074
38043,0.0,0.65827763
38045,0.0,0.26054272
38047,0.0,1.3217009
38049,4.07,0.75041056
38051,0.0,1.1553421
38053,0.0,2.3864655
38055,0.0,2.0231507
38057,0.0,2.13203
38059,4.78,4.0359173
38061,3.41,2.586187
38063,0.0,1.4466636
38065,0.0,1.8357241
38067,0.0,3.6229112
38069,0.0,1.2862991
38071,0.0,-0.11422303
38073,0.0,8.311246
38075,0.0,-0.13287732
38077,6.43,3.7240355
38079,0.0,2.4673808
38081,0.0,8.936337
38083,0.0,1.1615074
38085,1.64,-1.8879857
38087,0.0,0.44572958
38089,0.8,8.56129
38091,0.0,0.16119486
38093,0.53,5.1947484
38095,0.0,-3.1713111
38097,8.47,3.0409086
38099,2.53,4.8259997
38101,20.33,12.502657
38103,0.0,2.8793232
38105,0.0,15.908708
39001,62.0,44.44016
39003,48.46,21.748772
39005,24.91,27.45761
39007,40.2,43.55385
39009,45.78,42.44839
39011,37.78,28.375217
39013,44.27,22.892664
39015,54.95,58.256847
39017,53.81,53.74264
39019,41.7,22.230263
39021,29.94,32.55584
39023,53.4,55.605152
39025,35.58,51.064285
39027,47.66,38.920082
39029,31.84,44.14869
39031,32.08,42.674377
39033,24.08,26.251415
39035,47.17,35.687374
39037,31.05,45.823696
39039,26.19,28.758266
39041,15.02,13.9076185
39043,37.58,40.994625
39045,38.67,22.380413
39047,55.48,45.39137
39049,58.93,52.724037
39051,26.08,22.675385
39053,72.24,54.372955
39055,11.52,14.221494
39057,28.49,27.23016
39059,47.25,32.303204
39061,42.3,36.0311
39063,38.74,36.644085
39065,36.17,31.927834
39067,45.85,12.547511
39069,32.09,32.658733
39071,48.4,33.973682
39073,61.02,55.221786
39075,28.1,25.76357
39077,30.92,42.197903
39079,58.31,47.23315
39081,69.95,42.72025
39083,17.41,28.15468
39085,39.25,37.37177
39087,70.61,94.61683
39089,33.63,20.66488
39091,28.24,20.550129
39093,42.37,42.09976
39095,53.91,53.2952
39097,29.86,24.980396
39099,70.02,43.54201
39101,63.43,31.474392
39103,14.71,23.563126
39105,100.14,82.369026
39107,35.69,12.860773
39109,21.77,30.331627
39111,51.81,39.662266
39113,54.51,52.6497
39115,42.76,19.638935
39117,28.3,25.005941
39119,36.0,41.618034
39121,42.88,34.734505
39123,35.02,34.504498
39125,33.14,30.821316
39127,45.1,48.72173
39129,51.65,35.13159
39131,77.76,70.022995
39133,24.73,22.295639
39135,41.88,23.447933
39137,33.2,13.119276
39139,53.46,51.370556
39141,82.24,58.622936
39143,39.2,35.78016
39145,121.89,124.62807
39147,32.95,22.964226
39149,30.74,25.17329
39151,38.91,25.764519
39153,46.47,30.961782
39155,61.8,40.47466
39157,26.1,30.108362
39159,16.44,24.969925
39161,38.24,39.283424
39163,159.17,72.14655
39165,19.62,22.079641
39167,44.14,23.040659
39169,29.17,22.225327
39171,27.35,28.034546
39173,14.44,19.888676
39175,39.07,23.836874
40001,27.96,11.283055
40003,0.0,1.1360917
40005,30.85,12.894118
40007,0.0,-3.0121205
40009,1.08,17.568748
40011,13.35,8.595349
40013,26.98,23.055723
40015,13.62,18.62164
40017,20.1,32.305454
40019,26.8,12.876225
40021,41.58,17.252447
40023,22.88,8.886262
40025,0.0,2.4374788
40027,16.69,22.713848
40029,37.84,26.941486
40031,23.57,15.963678
40033,23.11,5.3725557
40035,19.75,19.1142
40037,38.51,26.431625
40039,6.29,4.710063
40041,24.15,25.524189
40043,3.34,4.720027
40045,0.0,5.1767845
40047,25.84,14.240721
40049,29.45,26.806868
40051,24.71,24.85383
40053,13.35,2.014717
40055,0.0,-1.9937825
40057,0.54,1.9018817
40059,0.0,-3.1556818
40061,27.69,30.574562
40063,38.27,58.255512
40065,2.68,12.532857
40067,18.85,4.90989
40069,30.64,21.91893
40071,22.9,11.407941
40073,19.95,13.602206
40075,0.0,36.46674
40077,0.0,55.327244
40079,20.45,12.177431
40081,38.03,19.452984
40083,21.18,22.91687
40085,16.08,9.537135
40087,26.99,18.853241
40089,13.53,6.583553
40091,37.88,29.783834
40093,0.0,0.90549004
40095,23.75,9.823971
40097,30.58,26.861233
40099,31.76,9.312621
40101,36.17,17.173292
40103,29.94,8.9503145
40105,0.0,9.700651
40107,39.96,18.6997
40109,32.65,17.963678
40111,48.66,25.005955
40113,30.54,26.753094
40115,22.14,18.124626
40117,63.46,29.473003
40119,15.7,14.675517
40121,38.98,27.024128
40123,36.71,24.248898
40125,36.72,20.646973
40127,19.81,10.867839
40129,1.16,6.8542323
40131,24.28,19.558525
40133,37.92,10.237138
40135,42.86,28.099268
40137,29.74,20.839638
40139,0.0,0.80361176
40141,13.4,3.7510521
40143,42.52,19.798004
40145,32.32,25.319738
40147,37.56,20.9406
40149,0.0,25.352448
40151,0.0,9.517044
40153,0.0,7.421928
41001,25.96,12.611033
41003,14.34,16.839684
41005,20.8,18.550154
41007,43.17,17.468056
41009,24.26,30.446476
41011,38.47,24.472664
41013,12.86,15.446612
41015,46.61,57.11833
41017,15.01,13.189923
41019,37.4,22.976303
41021,0.0,12.932518
41023,21.26,7.374679
41025,26.74,4.04105
41027,41.19,11.50651
41029,36.09,37.830482
41031,23.58,16.01488
41033,44.45,17.325008
41035,27.06,26.988937
41037,32.19,1.4454632
41039,47.08,34.267925
41041,43.3,16.051685
41043,29.13,14.945653
41045,31.37,4.914825
41047,24.81,14.5040045
41049,13.04,7.2283072
41051,53.83,43.77639
41053,17.85,11.431687
41055,0.0,5.363786
41057,28.24,31.714247
41059,32.41,15.715603
41061,32.41,12.46467
41063,19.52,11.963099
41065,48.94,11.311551
41067,16.83,16.42049
41069,0.0,-4.391888
41071,24.02,15.816401
42001,9.43,17.344526
42003,51.65,42.667778
42005,37.07,53.07984
42007,41.65,34.493763
42009,21.09,31.16426
42011,29.04,29.982277
42013,50.4,28.640852
42015,35.76,17.26898
42017,30.85,42.59345
42019,35.48,39.33467
42021,67.71,51.82644
42023,0.0,40.198048
42025,65.69,45.56653
42027,11.36,18.686317
42029,22.53,17.214739
42031,28.54,35.033226
42033,19.25,29.392365
42035,18.54,20.461864
42037,27.72,22.240896
42039,21.77,36.304028
42041,16.01,14.4682665
42043,35.32,26.112457
42045,29.03,30.87542
42047,16.77,26.297058
42049,38.48,25.344778
42051,66.8,71.32849
42053,0.0,26.819916
42055,15.93,18.565655
42057,36.21,44.263798
42059,34.62,22.090443
42061,27.73,17.692223
42063,50.63,48.104946
42065,31.97,35.647816
42067,31.24,35.258076
42069,43.6,28.062784
42071,21.74,31.438526
42073,108.43,38.80326
42075,23.61,23.0058
42077,33.75,20.629301
42079,50.86,54.038586
42081,24.76,36.197155
42083,32.61,10.236964
42085,46.69,46.449966
42087,36.97,13.870252
42089,38.28,35.893566
42091,23.25,25.764675
42093,32.66,38.385136
42095,28.88,34.65152
42097,45.49,53.234013
42099,26.02,20.034803
42101,81.22,60.92654
42103,24.77,39.320763
42105,24.59,27.036987
42107,41.23,29.889969
42109,37.9,23.572529
42111,42.64,25.804785
42113,34.45,18.733086
42115,34.14,21.605534
42117,31.84,50.98413
42119,31.3,24.764214
42121,38.17,45.336082
42123,29.96,18.491013
42125,42.3,45.912098
42127,39.08,21.798855
42129,38.35,40.033875
42131,40.76,49.244377
42133,31.02,27.98101
44001,23.83,31.597095
44003,39.12,35.143368
44005,34.33,28.260517
44007,43.21,45.56296
44009,24.55,28.88333
45001,41.06,47.983425
45003,56.85,38.751404
45005,57.01,44.737095
45007,34.83,27.159313
45009,59.47,9.426437
45011,97.97,23.771687
45013,22.92,15.875018
45015,39.16,25.524918
45017,39.02,45.99942
45019,37.92,19.7224
45021,35.64,20.960684
45023,40.71,21.183056
45025,41.21,29.382942
45027,44.6,13.019792
45029,31.09,20.316158
45031,43.27,17.098106
45033,90.13,24.146051
45035,29.49,29.458221
45037,55.7,24.522156
45039,46.44,52.500805
45041,52.66,27.836445
45043,61.8,60.23397
45045,51.83,37.838013
45047,49.09,33.443226
45049,39.53,31.29049
45051,54.03,63.084545
45053,62.42,42.217278
45055,44.28,32.09514
45057,52.59,38.24081
45059,45.61,35.74235
45061,44.43,13.283486
45063,38.39,28.248167
45065,42.77,23.046452
45067,42.18,24.37534
45069,64.86,21.680931
45071,39.22,31.525543
45073,44.9,25.438396
45075,49.34,22.665787
45077,50.2,42.9319
45079,30.84,17.311817
45081,47.85,26.773468
45083,51.18,31.790186
45085,37.5,26.357605
45087,71.02,40.401352
45089,49.9,19.081158
45091,35.0,34.084217
46003,0.0,0.4030831
46005,0.0,2.3836355
46007,0.0,3.1666727
46009,0.0,-0.7827542
46011,0.0,1.5391874
46013,0.0,-0.49211004
46015,0.0,-4.6675835
46017,0.0,-0.15394452
46019,1.98,-1.3766038
46021,0.0,1.9493555
46023,0.0,3.3310878
46025,0.0,2.444053
46027,1.67,13.517252
46029,0.0,3.367411
46031,0.0,-0.29437986
46033,0.0,6.6748047
46035,0.0,-3.185687
46037,0.0,1.2085618
46039,0.0,-0.20874146
46041,0.0,-3.1174672
46043,0.0,-0.8819461
46045,0.0,1.540636
46047,0.0,-0.8891356
46049,0.0,4.0145936
46051,0.0,1.7720164
46053,0.0,0.9465982
46055,0.0,1.7738895
46057,0.0,1.1400118
46059,0.0,2.187587
46061,0.0,16.579605
46063,0.0,2.9085991
46065,0.0,-0.28393403
46067,0.0,0.05957547
46069,0.0,1.9278173
46071,0.0,4.8150315
46073,0.0,-0.95081925
46075,0.0,2.200348
46077,0.0,-0.19456723
46079,2.45,3.0637164
46081,6.05,-2.772
46083,3.17,10.19377
46085,0.0,0.78037953
46087,0.0,2.689433
46089,0.0,5.0647244
46091,0.0,2.0523896
46093,4.59,1.3440773
46095,0.0,1.9556257
46097,0.0,0.95432615
46099,12.26,10.6434965
46101,4.9,3.1512024
46102,2.29,5.9825606
46103,18.35,10.945907
46105,0.0,2.7190382
46107,0.0,-0.5670278
46109,0.0,3.030671
46111,0.0,1.8477795
46115,0.0,0.9401959
46117,0.0,3.6872365
46119,0.0,2.8473477
46121,0.0,1.8296477
46123,0.0,0.8261764
46125,3.86,2.560913
46127,0.0,1.9900525
46129,0.0,1.3609717
46135,0.92,-1.8679178
46137,0.0,-1.5265183
47001,95.04,79.58226
47003,28.87,31.77435
47005,49.02,25.347212
47007,63.7,36.82885
47009,54.3,41.620457
47011,37.97,23.083881
47013,113.68,70.19136
47015,43.68,70.94309
47017,37.87,53.919582
47019,60.27,25.055296
47021,102.8,77.587296
47023,38.99,22.58223
47025,64.75,48.18009
47027,56.52,12.94562
47029,84.06,40.74601
47031,41.86,42.57105
47033,35.74,21.510572
47035,70.84,38.025265
47037,76.11,58.02029
47039,42.12,18.561348
47041,47.61,37.306843
47043,57.39,74.21818
47045,33.82,23.94535
47047,34.38,28.37637
47049,56.9,36.005028
47051,27.31,53.81972
47053,25.57,27.584366
47055,36.0,29.196632
47057,70.03,50.373142
47059,53.22,41.013615
47061,46.11,43.51557
47063,53.71,30.550997
47065,49.11,31.141005
47067,59.28,38.08978
47069,37.8,22.77143
47071,44.32,24.137562
47073,43.07,48.110188
47075,38.79,19.279139
47077,39.39,44.582294
47079,42.9,40.888027
47081,78.57,73.026665
47083,48.06,23.097624
47085,52.34,69.21218
47087,53.22,37.82529
47089,58.17,28.43887
47091,77.41,32.93112
47093,93.01,66.070656
47095,31.19,3.0105348
47097,48.4,33.145725
47099,41.84,40.18482
47101,52.16,30.656677
47103,27.91,33.220455
47105,42.97,46.6385
47107,49.34,43.445034
47109,41.65,54.7085
47111,61.0,24.116617
47113,33.25,16.467844
47115,65.31,38.144836
47117,39.02,28.779575
47119,36.06,30.936357
47121,75.35,45.473316
47123,73.31,39.800663
47125,34.44,20.8951
47127,31.49,36.959476
47129,56.54,65.44547
47131,30.19,21.843475
47133,48.44,33.141544
47135,53.57,43.533474
47137,61.51,28.268787
47139,48.15,17.929302
47141,35.2,28.897041
47143,71.15,52.69022
47145,107.11,89.306076
47147,47.7,31.531765
47149,36.05,33.46928
47151,79.19,72.73869
47153,54.84,34.783634
47155,70.86,62.786892
47157,63.84,32.239048
47159,63.45,49.401707
47161,41.8,73.314156
47163,47.88,42.379124
47165,29.92,50.03037
47167,42.17,23.52937
47169,49.32,33.784832
47171,53.82,36.04906
47173,83.12,87.31693
47175,60.7,45.90114
47177,49.97,21.797743
47179,49.94,40.601868
47181,42.66,15.743173
47183,28.74,56.942493
47185,64.14,37.31921
47187,17.64,12.780121
47189,42.89,32.35794
48001,15.66,15.124028
48003,17.21,9.08315
48005,25.26,17.752409
48007,40.09,17.512375
48009,0.0,2.8104866
48011,10.36,7.122536
48013,12.21,1.7591258
48015,13.68,1.7417097
48017,16.38,-0.0028417408
48019,13.36,13.6781645
48021,12.24,6.125854
48023,0.0,-0.34242943
48025,14.8,-1.344111
48027,16.74,10.621997
48029,22.29,12.867348
48031,18.11,10.3338175
48033,0.0,2.606739
48035,13.96,8.709857
48037,20.64,15.504209
48039,17.78,11.012297
48041,9.09,10.422206
48043,0.0,4.181353
48045,0.0,5.904014
48047,13.86,3.5016553
48049,3.66,3.477869
48051,12.07,10.487335
48053,20.95,14.448637
48055,14.87,6.9422708
48057,24.83,14.817133
48059,9.2,0.10117489
48061,7.53,3.8924932
48063,18.42,15.089147
48065,7.34,5.2534595
48067,14.59,18.545076
48069,12.06,3.5942204
48071,24.37,5.823634
48073,17.07,7.240641
48075,0.0,22.228832
48077,14.39,6.9796104
48079,0.0,-1.3960849
48081,5.04,0.063963816
48083,7.73,2.7521346
48085,10.44,8.235963
48087,0.0,-2.5024533
48089,10.64,3.2726839
48091,13.0,16.116167
48093,0.0,5.557387
48095,2.52,0.52266383
48097,9.61,15.603121
48099,11.76,15.764228
48101,0.0,3.610098
48103,8.16,1.0248294
48105,2.12,2.102585
48107,0.0,2.4442866
48109,0.0,1.992507
48111,0.0,1.2448269
48113,22.03,9.3577385
48115,0.0,5.088676
48117,20.36,1.2567029
48119,22.01,17.47945
48121,11.36,13.2106085
48123,6.95,11.075242
48125,0.0,-0.3014864
48127,14.37,-1.8046219
48129,0.0,1.3508631
48131,16.33,2.0257397
48133,11.61,-0.076414794
48135,21.76,20.22507
48137,0.0,-4.280668
48139,12.25,9.350575
48141,17.15,16.648674
48143,15.18,13.745334
48145,13.61,6.1737504
48147,19.5,8.556199
48149,10.65,5.144819
48151,4.58,-3.6020403
48153,0.0,4.9352818
48155,0.0,8.204932
48157,12.48,17.888222
48159,20.48,4.522343
48161,14.45,13.455825
48163,12.96,1.4460281
48165,12.6,6.5477824
48167,24.36,14.998875
48169,2.62,0.31592926
48171,13.86,13.011553
48173,0.0,3.864748
48175,0.0,-1.523597
48177,7.64,3.0802696
48179,2.59,3.1757398
48181,17.47,22.484098
48183,14.06,6.1346073
48185,15.09,11.480369
48187,8.75,16.153637
48189,7.17,1.6922232
48191,0.0,-1.687264
48193,7.62,0.12819788
48195,0.0,-4.112782
48197,0.0,7.35153
48199,26.42,22.15788
48201,22.69,12.267001
48203,15.72,4.1131306
48205,8.77,1.8497201
48207,0.0,-0.37888506
48209,13.0,18.17154
48211,0.65,10.577981
48213,17.75,13.301517
48215,5.52,3.2509136
48217,13.61,15.053948
48219,8.9,5.0283237
48221,18.08,9.614107
48223,22.22,12.352627
48225,17.06,9.99713
48227,0.0,8.310264
48229,9.24,3.3727543
48231,23.09,7.0675473
48233,0.0,8.788606
48235,0.0,-0.35197
48237,12.54,12.780238
48239,15.9,4.5541353
48241,22.05,12.911729
48243,0.0,2.240723
48245,25.91,20.02648
48247,17.82,1.3118325
48249,30.91,4.7662477
48251,16.37,11.454973
48253,6.53,-2.8711884
48255,9.31,2.4943192
48257,14.5,16.927309
48259,17.8,16.662169
48261,0.0,1.8183591
48263,0.0,1.4352169
48265,7.5,12.296844
48267,0.0,4.383705
48269,0.0,25.865593
48271,0.0,7.7248225
48273,19.02,3.941629
48275,0.0,-0.7909392
48277,23.24,17.207989
48279,8.03,2.25988
48281,12.36,18.479328
48283,12.29,-0.13123706
48285,0.0,7.132004
48287,13.03,18.269629
48289,11.97,5.3401756
48291,24.51,11.437358
48293,13.06,34.077034
48295,0.0,8.020836
48297,17.17,1.2910676
48299,19.53,1.202802
48301,0.0,5.9813285
48303,15.75,13.935223
48305,0.0,14.766642
48307,0.0,4.611006
48309,10.49,11.774251
48311,0.0,10.94052
48313,13.13,8.825071
48315,13.98,13.286743
48317,0.0,4.7235885
48319,7.33,2.4855542
48321,17.78,23.454782
48323,10.27,6.210976
48325,15.21,-1.5919487
48327,0.0,0.74039245
48329,15.7,9.020898
48331,14.54,3.5080447
48333,0.0,-5.412201
48335,1.26,0.1453577
48337,0.0,1.952297
48339,19.9,11.994955
48341,4.32,6.8842196
48343,16.92,9.593038
48345,0.0,4.1935825
48347,17.74,22.633871
48349,15.0,11.158403
48351,24.32,38.048
48353,6.9,37.74
48355,26.16,25.128279
48357,0.0,1.754623
48359,16.54,-3.5938914
48361,36.5,29.859524
48363,34.2,21.665333
48365,9.32,16.969194
48367,18.09,11.158278
48369,0.0,0.33600482
48371,1.52,3.8735123
48373,18.78,22.52298
48375,21.62,16.302706
48377,0.0,-3.911895
48379,21.12,20.866085
48381,19.84,14.242204
48383,0.0,0.4297081
48385,0.0,4.9018474
48387,19.76,34.496437
48389,7.62,2.0809448
48391,20.6,1.1535298
48393,0.0,3.1081898
48395,12.59,3.3879068
48397,19.48,17.595901
48399,9.21,3.392559
48401,12.87,17.466906
48403,0.0,15.450382
48405,15.77,25.070827
48407,19.6,6.6316333
48409,21.44,8.935921
48411,10.57,1.7020113
48413,0.0,-2.9223046
48415,0.97,2.8789825
48417,4.75,9.90055
48419,10.23,7.8861732
48421,0.0,0.8830931
48423,12.4,12.831819
48425,17.23,6.9076905
48427,14.44,0.1802983
48429,14.25,-1.1919048
48431,0.0,-1.2942429
48433,0.0,6.706533
48435,0.0,5.822699
48437,8.24,4.9322515
48439,20.24,11.450348
48441,20.67,8.789475
48443,0.0,8.11987
48445,6.6,4.487436
48447,0.0,5.020088
48449,18.42,5.71709
48451,10.09,8.839564
48453,25.48,27.154335
48455,19.71,11.741607
48457,23.13,17.958405
48459,15.5,13.6496935
48461,9.36,1.1937892
48463,7.4,3.868679
48465,0.0,2.4010901
48467,17.82,25.782219
48469,20.86,10.748673
48471,15.21,5.801595
48473,16.16,2.868369
48475,0.0,9.714046
48477,13.09,14.182891
48479,20.54,7.7361503
48481,16.01,4.816433
48483,0.65,0.089482754
48485,30.01,12.000499
48487,0.0,-4.5575905
48489,4.35,3.5148652
48491,13.26,17.36835
48493,12.04,6.6941257
48495,14.07,2.2517529
48497,11.97,17.052086
48499,21.34,20.354118
48501,17.26,1.8887353
48503,8.55,10.861546
48505,20.54,8.247891
48507,10.03,6.632462
49001,15.96,13.815674
49003,24.39,22.170446
49005,9.99,8.683148
49007,9.21,31.759289
49009,0.0,-2.8994164
49011,19.19,13.809688
49013,8.85,11.888474
49015,9.49,7.632804
49017,17.37,0.41993758
49019,14.28,10.292632
49021,20.82,8.466082
49023,7.96,20.788311
49025,24.48,3.7106063
49027,0.0,9.499682
49029,0.0,12.708633
49031,11.11,1.9826133
49033,0.0,2.8253472
49035,22.76,33.7139
49037,25.58,7.5650535
49039,6.02,9.662736
49041,6.62,9.409854
49043,13.08,11.483138
49045,13.76,19.651817
49047,11.85,9.732636
49049,10.11,12.149386
49051,16.44,16.654575
49053,17.2,8.994727
49055,0.0,2.2252629
49057,26.34,25.134583
50001,41.21,23.961847
50003,53.49,42.742825
50005,39.24,37.35547
50007,33.67,18.179005
50009,45.46,28.300201
50011,39.42,26.736155
50013,34.52,13.840786
50015,38.33,22.14677
50017,36.86,34.732647
50019,43.37,30.049965
50021,61.29,39.54073
50023,26.65,25.94962
50025,67.62,39.930103
50027,60.2,31.52393
51001,43.73,38.685463
51003,17.46,15.088919
51005,37.48,20.927048
51007,29.61,13.431535
51009,30.61,35.29832
51011,28.03,35.180256
51013,10.26,12.027482
51015,12.81,9.889142
51017,0.0,27.607437
51019,37.11,12.33631
51021,65.77,48.975346
51023,29.3,25.434242
51025,62.81,37.143883
51027,113.68,73.5055
51029,22.99,17.147388
51031,18.14,14.851809
51033,28.57,22.818659
51035,46.75,40.598423
51036,25.77,12.79509
51037,43.07,33.411644
51041,25.37,25.058437
51043,30.57,38.40624
51045,24.42,17.461775
51047,33.1,32.504013
51049,27.59,24.442009
51051,94.72,56.575787
51053,53.1,38.754284
51057,25.66,43.48267
51059,10.19,11.001533
51061,25.45,20.235142
51063,32.25,5.328298
51065,26.18,18.717972
51067,30.87,35.18963
51069,17.89,28.013653
51071,62.42,68.79528
51073,35.45,19.935528
51075,30.52,25.248543
51077,48.68,24.393772
51079,26.69,17.588524
51081,48.2,19.630169
51083,59.45,57.169468
51085,30.11,28.067375
51087,35.93,24.15501
51089,84.16,100.30378
51091,0.0,7.3471556
51093,37.36,30.259232
51095,16.01,15.106983
51097,27.55,32.24117
51099,23.26,25.992722
51101,30.11,37.819176
51103,24.46,56.05504
51105,55.34,64.46264
51107,6.71,9.793992
51109,34.9,47.618057
51111,52.51,16.096748
51113,35.72,33.80512
51115,35.45,14.416621
51117,51.63,42.948254
51119,29.71,39.324398
51121,19.21,16.557177
51125,20.29,12.845319
51127,27.59,26.63579
51131,43.73,28.849035
51133,23.26,52.056408
51135,44.94,32.479813
51137,47.38,36.260082
51139,29.55,36.869915
51141,54.15,25.46014
51143,28.36,11.465407
51145,30.65,20.302788
51147,34.84,-3.7978222
51149,67.97,37.27364
51153,15.81,19.23764
51155,42.3,43.358334
51157,33.45,43.82076
51159,25.27,14.309121
51161,24.76,31.328285
51163,18.59,21.862217
51165,15.22,20.405077
51167,68.36,53.245705
51169,53.88,32.54215
51171,26.69,43.09721
51173,44.14,32.49051
51175,36.31,28.52847
51177,36.13,19.265285
51179,23.26,20.954939
51181,36.91,29.026329
51183,47.07,50.43119
51185,57.76,76.91355
51187,43.44,47.224697
51191,31.51,28.254444
51193,23.26,64.60601
51195,71.71,69.08375
51197,54.95,44.433697
51199,28.35,22.584652
51510,12.22,18.97896
51520,39.7,35.341236
51530,18.59,8.873803
51540,35.26,19.652832
51550,27.33,23.467161
51570,54.66,73.08326
51580,37.48,61.43224
51590,33.15,42.216408
51595,48.2,28.251873
51600,10.19,21.882511
51610,10.22,34.155857
51620,37.36,24.813791
51630,45.21,60.364758
51640,48.68,22.677153
51650,32.6,29.97725
51660,15.22,23.68636
51670,121.94,83.40875
51678,0.0,2.622384
51680,36.58,25.291924
51683,32.83,25.186222
51685,24.32,26.045128
51690,72.86,79.825325
51700,37.44,23.241325
51710,50.22,46.94078
51720,71.71,92.36291
51730,98.82,97.23775
51735,32.6,41.593647
51740,94.82,66.25638
51750,19.21,38.351948
51760,95.47,64.881035
51770,114.46,93.18958
51775,70.52,32.65868
51790,12.81,22.140587
51800,28.42,33.64717
51810,25.68,26.54769
51820,43.84,23.650978
51830,16.01,30.018965
51840,17.89,36.225727
53001,29.92,4.8857517
53003,17.44,27.687004
53005,19.74,20.99477
53007,35.03,12.568332
53009,38.56,24.740538
53011,25.16,16.408836
53013,0.0,-5.0682564
53015,34.84,14.1763525
53017,38.98,11.120462
53019,46.37,16.708939
53021,24.32,15.516412
53023,0.0,6.176243
53025,35.53,11.682991
53027,59.71,32.032085
53029,15.01,16.76669
53031,45.26,23.70489
53033,40.37,23.926548
53035,27.01,13.665373
53037,36.29,15.939857
53039,22.06,11.756482
53041,46.85,19.423016
53043,39.5,6.3955927
53045,55.75,26.798687
53047,46.37,29.55186
53049,35.52,22.996115
53051,39.29,11.356548
53053,37.74,23.477512
53055,32.13,25.795706
53057,29.73,22.68608
53059,36.49,27.679081
53061,31.9,17.049084
53063,39.29,16.038937
53065,41.11,26.212181
53067,42.84,12.593452
53069,0.0,3.8560452
53071,30.7,22.006643
53073,32.08,14.8605585
53075,23.17,10.470946
53077,31.52,22.593075
54001,61.46,52.656147
54003,71.05,46.342754
54005,119.23,110.65296
54007,60.85,51.9899
54009,73.62,71.08448
54011,129.41,138.32486
54013,52.82,67.70202
54015,86.84,72.78687
54017,50.03,35.60047
54019,121.56,62.076332
54021,34.28,8.363778
54023,46.93,56.203342
54025,83.24,40.113407
54027,46.87,13.333739
54029,63.89,56.497738
54031,33.99,27.826027
54033,73.94,35.92216
54035,82.98,48.24715
54037,59.34,22.698807
54039,99.71,106.82751
54041,55.7,58.51141
54043,100.5,96.004265
54045,140.5,200.18924
54047,156.86,115.593376
54049,60.77,37.05969
54051,53.41,30.625153
54053,76.0,47.620342
54055,95.4,122.13465
54057,63.3,39.51695
54059,119.61,126.536285
54061,43.04,35.038822
54063,69.34,62.27808
54065,50.42,62.879723
54067,73.97,55.435528
54069,60.32,67.46366
54071,15.51,24.732246
54073,32.71,29.340702
54075,24.69,46.490223
54077,56.32,28.857098
54079,49.11,40.382248
54081,128.98,107.401245
54083,40.98,45.30852
54085,0.0,24.665554
54087,78.8,73.6227
54089,107.3,32.76474
54091,59.25,54.686405
54093,56.32,32.44083
54095,40.6,52.695667
54097,58.79,77.11816
54099,86.85,73.12002
54101,56.33,91.39971
54103,85.56,44.994354
54105,45.66,62.268208
54107,54.0,40.865826
54109,126.66,82.801125
55001,29.05,28.072926
55003,68.58,35.01009
55005,31.45,24.754887
55007,54.7,15.990016
55009,24.81,12.461883
55011,14.38,4.2371836
55013,36.69,38.63925
55015,24.64,13.905095
55017,19.46,14.721392
55019,20.57,23.320103
55021,34.37,29.074284
55023,18.11,5.4766326
55025,25.52,23.62827
55027,32.85,28.639603
55029,27.19,26.455475
55031,36.25,12.412939
55033,12.24,11.076821
55035,18.72,12.502722
55037,0.0,15.9023075
55039,26.97,21.966394
55041,39.04,10.144565
55043,19.88,2.0843577
55045,41.06,18.962002
55047,28.96,9.076831
55049,29.68,16.169874
55051,34.29,3.417765
55053,24.61,25.101202
55055,19.82,28.90841
55057,28.53,16.293945
55059,32.18,29.198673
55061,27.19,17.501791
55063,27.43,17.84082
55065,34.58,8.774621
55067,74.89,44.737347
55069,12.7,23.527311
55071,29.57,16.860584
55073,22.47,18.23534
55075,29.16,28.785654
55077,31.67,24.02856
55078,238.27,1.7255809
55079,70.32,41.988018
55081,34.7,17.683407
55083,106.78,25.332035
55085,11.85,2.8334
55087,15.09,16.996094
55089,10.75,20.223251
55091,0.0,4.0727887
55093,9.48,15.519008
55095,21.86,30.006746
55097,23.22,12.553563
55099,0.0,20.606026
55101,25.53,10.397071
55103,24.38,6.2603874
55105,46.32,27.323902
55107,28.89,30.733244
55109,13.54,15.447724
55111,27.37,14.639669
55113,59.27,52.762012
55115,57.27,12.105721
55117,29.7,12.596124
55119,15.62,29.454357
55121,21.47,6.283891
55123,26.86,16.16096
55125,22.86,9.016509
55127,18.03,27.641918
55129,50.07,20.973846
55131,23.97,29.754753
55133,17.54,23.658535
55135,19.74,9.68181
55137,25.72,20.350622
55139,21.67,11.917048
55141,21.62,12.368594
56001,10.45,3.915699
56003,4.99,5.741411
56005,21.25,5.668592
56007,20.49,11.85671
56009,9.19,8.765698
56011,5.31,-0.74777985
56013,20.83,28.624485
56015,3.97,5.753638
56017,20.83,6.2649155
56019,0.0,3.1803353
56021,23.83,16.350578
56023,12.81,5.1857524
56025,21.36,14.494795
56027,0.0,5.903461
56029,9.73,4.001099
56031,0.0,3.8978102
56033,7.08,3.196234
56035,18.78,7.2022204
56037,43.54,18.618591
56039,0.0,13.618447
56041,17.36,10.335119
56043,12.96,6.250852
56045,0.0,2.9912312
